algorithm,normalized_frequency,run_id,actual_f_drift,f_conv,n_conv,rms_tracking_error,p_in_band,mean_rms_tracking_error,std_rms_tracking_error,sem_rms_tracking_error,mean_p_in_band,std_p_in_band,n_runs,drift_amplitude,seed,phase,burn_in_epochs
Bayesian/TUrBO,0.05,0,0.008333333333333333,0.16666666666666666,6,0.006566680465452284,1.0,0.006821084967289596,0.00016555333010366828,3.02257644559594e-05,1.0,0.0,30,0.025,221248,3.080297341020095,12
Bayesian/TUrBO,0.05,1,0.008333333333333333,0.16666666666666666,6,0.006585755791404458,1.0,0.006821084967289596,0.00016555333010366828,3.02257644559594e-05,1.0,0.0,30,0.025,614340,5.890495648165692,12
Bayesian/TUrBO,0.05,2,0.008333333333333333,0.16666666666666666,6,0.006744878293736646,1.0,0.006821084967289596,0.00016555333010366828,3.02257644559594e-05,1.0,0.0,30,0.025,902129,2.2325248766573393,12
Bayesian/TUrBO,0.05,3,0.008333333333333333,0.16666666666666666,6,0.0066600412768474376,1.0,0.006821084967289596,0.00016555333010366828,3.02257644559594e-05,1.0,0.0,30,0.025,937885,3.4848389376895357,12
Bayesian/TUrBO,0.05,4,0.008333333333333333,0.16666666666666666,6,0.006824204617958698,1.0,0.006821084967289596,0.00016555333010366828,3.02257644559594e-05,1.0,0.0,30,0.025,284559,3.875833808765427,12
Bayesian/TUrBO,0.05,5,0.008333333333333333,0.16666666666666666,6,0.006990225688058148,1.0,0.006821084967289596,0.00016555333010366828,3.02257644559594e-05,1.0,0.0,30,0.025,999392,4.680157037252136,12
Bayesian/TUrBO,0.05,6,0.008333333333333333,0.16666666666666666,6,0.0069034628050871774,1.0,0.006821084967289596,0.00016555333010366828,3.02257644559594e-05,1.0,0.0,30,0.025,12066,0.9146986494446929,12
Bayesian/TUrBO,0.05,7,0.008333333333333333,0.16666666666666666,6,0.0069749879048065745,1.0,0.006821084967289596,0.00016555333010366828,3.02257644559594e-05,1.0,0.0,30,0.025,526806,4.196598270620298,12
Bayesian/TUrBO,0.05,8,0.008333333333333333,0.16666666666666666,6,0.006986209399049909,1.0,0.006821084967289596,0.00016555333010366828,3.02257644559594e-05,1.0,0.0,30,0.025,964493,1.7108533996982536,12
Bayesian/TUrBO,0.05,9,0.008333333333333333,0.16666666666666666,6,0.006547757042221631,1.0,0.006821084967289596,0.00016555333010366828,3.02257644559594e-05,1.0,0.0,30,0.025,891638,3.031906463269197,12
Bayesian/TUrBO,0.05,10,0.008333333333333333,0.16666666666666666,6,0.007014239795326967,1.0,0.006821084967289596,0.00016555333010366828,3.02257644559594e-05,1.0,0.0,30,0.025,366855,4.664660487436819,12
Bayesian/TUrBO,0.05,11,0.008333333333333333,0.16666666666666666,6,0.006980375338062456,1.0,0.006821084967289596,0.00016555333010366828,3.02257644559594e-05,1.0,0.0,30,0.025,333164,1.1739038562886197,12
Bayesian/TUrBO,0.05,12,0.008333333333333333,0.16666666666666666,6,0.006939940649279563,1.0,0.006821084967289596,0.00016555333010366828,3.02257644559594e-05,1.0,0.0,30,0.025,170996,4.044890282747731,12
Bayesian/TUrBO,0.05,13,0.008333333333333333,0.16666666666666666,6,0.006723796292670604,1.0,0.006821084967289596,0.00016555333010366828,3.02257644559594e-05,1.0,0.0,30,0.025,71904,3.64518638703941,12
Bayesian/TUrBO,0.05,14,0.008333333333333333,0.16666666666666666,6,0.00693904757745988,1.0,0.006821084967289596,0.00016555333010366828,3.02257644559594e-05,1.0,0.0,30,0.025,325630,1.8428052860824398,12
Bayesian/TUrBO,0.05,15,0.008333333333333333,0.16666666666666666,6,0.006549248356065232,1.0,0.006821084967289596,0.00016555333010366828,3.02257644559594e-05,1.0,0.0,30,0.025,28261,6.244888965294601,12
Bayesian/TUrBO,0.05,16,0.008333333333333333,0.16666666666666666,6,0.0069941207473271086,1.0,0.006821084967289596,0.00016555333010366828,3.02257644559594e-05,1.0,0.0,30,0.025,445543,4.893053904142243,12
Bayesian/TUrBO,0.05,17,0.008333333333333333,0.16666666666666666,6,0.006613727105209187,1.0,0.006821084967289596,0.00016555333010366828,3.02257644559594e-05,1.0,0.0,30,0.025,157639,0.13864502800422007,12
Bayesian/TUrBO,0.05,18,0.008333333333333333,0.16666666666666666,6,0.006731696253718355,1.0,0.006821084967289596,0.00016555333010366828,3.02257644559594e-05,1.0,0.0,30,0.025,324640,3.618365382713512,12
Bayesian/TUrBO,0.05,19,0.008333333333333333,0.16666666666666666,6,0.0069368515111410504,1.0,0.006821084967289596,0.00016555333010366828,3.02257644559594e-05,1.0,0.0,30,0.025,712635,4.114248131855118,12
Bayesian/TUrBO,0.05,20,0.008333333333333333,0.16666666666666666,6,0.006980250569748108,1.0,0.006821084967289596,0.00016555333010366828,3.02257644559594e-05,1.0,0.0,30,0.025,624635,4.262506393736252,12
Bayesian/TUrBO,0.05,21,0.008333333333333333,0.16666666666666666,6,0.0066640775268896535,1.0,0.006821084967289596,0.00016555333010366828,3.02257644559594e-05,1.0,0.0,30,0.025,844614,5.64984868632826,12
Bayesian/TUrBO,0.05,22,0.008333333333333333,0.16666666666666666,6,0.006810524274656955,1.0,0.006821084967289596,0.00016555333010366828,3.02257644559594e-05,1.0,0.0,30,0.025,892471,2.1491427068235933,12
Bayesian/TUrBO,0.05,23,0.008333333333333333,0.16666666666666666,6,0.00686843022793355,1.0,0.006821084967289596,0.00016555333010366828,3.02257644559594e-05,1.0,0.0,30,0.025,388092,0.8499976885768372,12
Bayesian/TUrBO,0.05,24,0.008333333333333333,0.16666666666666666,6,0.006988069964642188,1.0,0.006821084967289596,0.00016555333010366828,3.02257644559594e-05,1.0,0.0,30,0.025,808836,4.497403262897937,12
Bayesian/TUrBO,0.05,25,0.008333333333333333,0.16666666666666666,6,0.006597323190569407,1.0,0.006821084967289596,0.00016555333010366828,3.02257644559594e-05,1.0,0.0,30,0.025,432017,3.2862434677794408,12
Bayesian/TUrBO,0.05,26,0.008333333333333333,0.16666666666666666,6,0.006727174442088738,1.0,0.006821084967289596,0.00016555333010366828,3.02257644559594e-05,1.0,0.0,30,0.025,414007,2.2906333828793195,12
Bayesian/TUrBO,0.05,27,0.008333333333333333,0.16666666666666666,6,0.007006588002387394,1.0,0.006821084967289596,0.00016555333010366828,3.02257644559594e-05,1.0,0.0,30,0.025,290078,1.3029777164662517,12
Bayesian/TUrBO,0.05,28,0.008333333333333333,0.16666666666666666,6,0.006768782289421014,1.0,0.006821084967289596,0.00016555333010366828,3.02257644559594e-05,1.0,0.0,30,0.025,38388,2.1471590236306297,12
Bayesian/TUrBO,0.05,29,0.008333333333333333,0.16666666666666666,6,0.00701408161946754,1.0,0.006821084967289596,0.00016555333010366828,3.02257644559594e-05,1.0,0.0,30,0.025,862554,4.392752394823452,12
Bayesian/TUrBO,0.1,0,0.016666666666666666,0.16666666666666666,6,0.012911472873491939,1.0,0.01294649538277017,0.00024627290856518795,4.496307577452022e-05,1.0,0.0,30,0.025,221248,0.2748534231357145,12
Bayesian/TUrBO,0.1,1,0.016666666666666666,0.16666666666666666,6,0.012671028358244497,1.0,0.01294649538277017,0.00024627290856518795,4.496307577452022e-05,1.0,0.0,30,0.025,614340,2.644853188588478,12
Bayesian/TUrBO,0.1,2,0.016666666666666666,0.16666666666666666,6,0.012665869028459389,1.0,0.01294649538277017,0.00024627290856518795,4.496307577452022e-05,1.0,0.0,30,0.025,902129,5.672045071817775,12
Bayesian/TUrBO,0.1,3,0.016666666666666666,0.16666666666666666,6,0.013120577930109217,1.0,0.01294649538277017,0.00024627290856518795,4.496307577452022e-05,1.0,0.0,30,0.025,937885,0.6317300885104296,12
Bayesian/TUrBO,0.1,4,0.016666666666666666,0.16666666666666666,6,0.012678352174202344,1.0,0.01294649538277017,0.00024627290856518795,4.496307577452022e-05,1.0,0.0,30,0.025,284559,2.9155351443633175,12
Bayesian/TUrBO,0.1,5,0.016666666666666666,0.16666666666666666,6,0.012664417874387114,1.0,0.01294649538277017,0.00024627290856518795,4.496307577452022e-05,1.0,0.0,30,0.025,999392,5.642144112287704,12
Bayesian/TUrBO,0.1,6,0.016666666666666666,0.16666666666666666,6,0.013318879480025981,1.0,0.01294649538277017,0.00024627290856518795,4.496307577452022e-05,1.0,0.0,30,0.025,12066,4.160383449725319,12
Bayesian/TUrBO,0.1,7,0.016666666666666666,0.16666666666666666,6,0.012862740925263924,1.0,0.01294649538277017,0.00024627290856518795,4.496307577452022e-05,1.0,0.0,30,0.025,526806,3.31463934623019,12
Bayesian/TUrBO,0.1,8,0.016666666666666666,0.16666666666666666,6,0.013079262460626843,1.0,0.01294649538277017,0.00024627290856518795,4.496307577452022e-05,1.0,0.0,30,0.025,964493,0.6147855998057387,12
Bayesian/TUrBO,0.1,9,0.016666666666666666,0.16666666666666666,6,0.013293589992831638,1.0,0.01294649538277017,0.00024627290856518795,4.496307577452022e-05,1.0,0.0,30,0.025,891638,4.6843522074681765,12
Bayesian/TUrBO,0.1,10,0.016666666666666666,0.16666666666666666,6,0.012869478106365377,1.0,0.01294649538277017,0.00024627290856518795,4.496307577452022e-05,1.0,0.0,30,0.025,366855,0.25246424603323003,12
Bayesian/TUrBO,0.1,11,0.016666666666666666,0.16666666666666666,6,0.013291945797650365,1.0,0.01294649538277017,0.00024627290856518795,4.496307577452022e-05,1.0,0.0,30,0.025,333164,1.649223773072159,12
Bayesian/TUrBO,0.1,12,0.016666666666666666,0.16666666666666666,6,0.01330427088957279,1.0,0.01294649538277017,0.00024627290856518795,4.496307577452022e-05,1.0,0.0,30,0.025,170996,1.5724883943534576,12
Bayesian/TUrBO,0.1,13,0.016666666666666666,0.16666666666666666,6,0.012675113607737713,1.0,0.01294649538277017,0.00024627290856518795,4.496307577452022e-05,1.0,0.0,30,0.025,71904,2.971337817561793,12
Bayesian/TUrBO,0.1,14,0.016666666666666666,0.16666666666666666,6,0.013151869225048822,1.0,0.01294649538277017,0.00024627290856518795,4.496307577452022e-05,1.0,0.0,30,0.025,325630,3.8216220922602138,12
Bayesian/TUrBO,0.1,15,0.016666666666666666,0.16666666666666666,6,0.012981063814168473,1.0,0.01294649538277017,0.00024627290856518795,4.496307577452022e-05,1.0,0.0,30,0.025,28261,5.193454138841545,12
Bayesian/TUrBO,0.1,16,0.016666666666666666,0.16666666666666666,6,0.012662771061210753,1.0,0.01294649538277017,0.00024627290856518795,4.496307577452022e-05,1.0,0.0,30,0.025,445543,6.135691316333194,12
Bayesian/TUrBO,0.1,17,0.016666666666666666,0.16666666666666666,6,0.01291306509954303,1.0,0.01294649538277017,0.00024627290856518795,4.496307577452022e-05,1.0,0.0,30,0.025,157639,3.441011194816348,12
Bayesian/TUrBO,0.1,18,0.016666666666666666,0.16666666666666666,6,0.01271351069785261,1.0,0.01294649538277017,0.00024627290856518795,4.496307577452022e-05,1.0,0.0,30,0.025,324640,3.05383555676584,12
Bayesian/TUrBO,0.1,19,0.016666666666666666,0.16666666666666666,6,0.01330492156858204,1.0,0.01294649538277017,0.00024627290856518795,4.496307577452022e-05,1.0,0.0,30,0.025,712635,4.392667540657506,12
Bayesian/TUrBO,0.1,20,0.016666666666666666,0.16666666666666666,6,0.012720356503222468,1.0,0.01294649538277017,0.00024627290856518795,4.496307577452022e-05,1.0,0.0,30,0.025,624635,3.073136613504085,12
Bayesian/TUrBO,0.1,21,0.016666666666666666,0.16666666666666666,6,0.013253218011864744,1.0,0.01294649538277017,0.00024627290856518795,4.496307577452022e-05,1.0,0.0,30,0.025,844614,0.8663002031835351,12
Bayesian/TUrBO,0.1,22,0.016666666666666666,0.16666666666666666,6,0.012934464366183182,1.0,0.01294649538277017,0.00024627290856518795,4.496307577452022e-05,1.0,0.0,30,0.025,892471,0.38674522106200543,12
Bayesian/TUrBO,0.1,23,0.016666666666666666,0.16666666666666666,6,0.013208395027159932,1.0,0.01294649538277017,0.00024627290856518795,4.496307577452022e-05,1.0,0.0,30,0.025,388092,4.905639489633271,12
Bayesian/TUrBO,0.1,24,0.016666666666666666,0.16666666666666666,6,0.012927542141677358,1.0,0.01294649538277017,0.00024627290856518795,4.496307577452022e-05,1.0,0.0,30,0.025,808836,3.4708344662159294,12
Bayesian/TUrBO,0.1,25,0.016666666666666666,0.16666666666666666,6,0.012729049128725288,1.0,0.01294649538277017,0.00024627290856518795,4.496307577452022e-05,1.0,0.0,30,0.025,432017,6.106082947458665,12
Bayesian/TUrBO,0.1,26,0.016666666666666666,0.16666666666666666,6,0.012753216133714301,1.0,0.01294649538277017,0.00024627290856518795,4.496307577452022e-05,1.0,0.0,30,0.025,414007,5.550217446826059,12
Bayesian/TUrBO,0.1,27,0.016666666666666666,0.16666666666666666,6,0.012655802210302623,1.0,0.01294649538277017,0.00024627290856518795,4.496307577452022e-05,1.0,0.0,30,0.025,290078,5.922372903316271,12
Bayesian/TUrBO,0.1,28,0.016666666666666666,0.16666666666666666,6,0.013265246570733354,1.0,0.01294649538277017,0.00024627290856518795,4.496307577452022e-05,1.0,0.0,30,0.025,38388,4.001946440936631,12
Bayesian/TUrBO,0.1,29,0.016666666666666666,0.16666666666666666,6,0.012813370424146993,1.0,0.01294649538277017,0.00024627290856518795,4.496307577452022e-05,1.0,0.0,30,0.025,862554,0.16597220904784288,12
Bayesian/TUrBO,0.25,0,0.041666666666666664,0.16666666666666666,6,0.026959929146824727,0.5714285714285714,0.026959682942642765,5.264537667604996e-05,9.611686784609634e-06,0.5777777777777776,0.008970663417366588,30,0.025,221248,1.488532385492876,12
Bayesian/TUrBO,0.25,1,0.041666666666666664,0.16666666666666666,6,0.02681634885659313,0.5773809523809523,0.026959682942642765,5.264537667604996e-05,9.611686784609634e-06,0.5777777777777776,0.008970663417366588,30,0.025,614340,4.1277117539022425,12
Bayesian/TUrBO,0.25,2,0.041666666666666664,0.16666666666666666,6,0.026897478347488107,0.5773809523809523,0.026959682942642765,5.264537667604996e-05,9.611686784609634e-06,0.5777777777777776,0.008970663417366588,30,0.025,902129,2.6736244591425433,12
Bayesian/TUrBO,0.25,3,0.041666666666666664,0.16666666666666666,6,0.026937917040422824,0.5773809523809523,0.026959682942642765,5.264537667604996e-05,9.611686784609634e-06,0.5777777777777776,0.008970663417366588,30,0.025,937885,1.5103710404462602,12
Bayesian/TUrBO,0.25,4,0.041666666666666664,0.16666666666666666,6,0.026884107940912817,0.5833333333333334,0.026959682942642765,5.264537667604996e-05,9.611686784609634e-06,0.5777777777777776,0.008970663417366588,30,0.025,284559,4.320494251492329,12
Bayesian/TUrBO,0.25,5,0.041666666666666664,0.16666666666666666,6,0.027009617559003284,0.5833333333333334,0.026959682942642765,5.264537667604996e-05,9.611686784609634e-06,0.5777777777777776,0.008970663417366588,30,0.025,999392,5.079918424795102,12
Bayesian/TUrBO,0.25,6,0.041666666666666664,0.16666666666666666,6,0.026939994606009036,0.5952380952380952,0.026959682942642765,5.264537667604996e-05,9.611686784609634e-06,0.5777777777777776,0.008970663417366588,30,0.025,12066,4.71956960203301,12
Bayesian/TUrBO,0.25,7,0.041666666666666664,0.16666666666666666,6,0.02697255137730448,0.5833333333333334,0.026959682942642765,5.264537667604996e-05,9.611686784609634e-06,0.5777777777777776,0.008970663417366588,30,0.025,526806,4.303386006889153,12
Bayesian/TUrBO,0.25,8,0.041666666666666664,0.16666666666666666,6,0.02690945187723389,0.5773809523809523,0.026959682942642765,5.264537667604996e-05,9.611686784609634e-06,0.5777777777777776,0.008970663417366588,30,0.025,964493,3.8793889268580624,12
Bayesian/TUrBO,0.25,9,0.041666666666666664,0.16666666666666666,6,0.0268696933711439,0.5833333333333334,0.026959682942642765,5.264537667604996e-05,9.611686784609634e-06,0.5777777777777776,0.008970663417366588,30,0.025,891638,0.13597778604399338,12
Bayesian/TUrBO,0.25,10,0.041666666666666664,0.16666666666666666,6,0.0270638076951762,0.5833333333333334,0.026959682942642765,5.264537667604996e-05,9.611686784609634e-06,0.5777777777777776,0.008970663417366588,30,0.025,366855,6.116390623301227,12
Bayesian/TUrBO,0.25,11,0.041666666666666664,0.16666666666666666,6,0.02698824705728644,0.5773809523809523,0.026959682942642765,5.264537667604996e-05,9.611686784609634e-06,0.5777777777777776,0.008970663417366588,30,0.025,333164,6.085608482932963,12
Bayesian/TUrBO,0.25,12,0.041666666666666664,0.16666666666666666,6,0.02693626186372896,0.5595238095238095,0.026959682942642765,5.264537667604996e-05,9.611686784609634e-06,0.5777777777777776,0.008970663417366588,30,0.025,170996,4.445464214205229,12
Bayesian/TUrBO,0.25,13,0.041666666666666664,0.16666666666666666,6,0.026955997446829572,0.5773809523809523,0.026959682942642765,5.264537667604996e-05,9.611686784609634e-06,0.5777777777777776,0.008970663417366588,30,0.025,71904,3.9821437060228257,12
Bayesian/TUrBO,0.25,14,0.041666666666666664,0.16666666666666666,6,0.02702020225849639,0.5773809523809523,0.026959682942642765,5.264537667604996e-05,9.611686784609634e-06,0.5777777777777776,0.008970663417366588,30,0.025,325630,1.6790627895796784,12
Bayesian/TUrBO,0.25,15,0.041666666666666664,0.16666666666666666,6,0.026960370077009625,0.5773809523809523,0.026959682942642765,5.264537667604996e-05,9.611686784609634e-06,0.5777777777777776,0.008970663417366588,30,0.025,28261,2.1309758251970914,12
Bayesian/TUrBO,0.25,16,0.041666666666666664,0.16666666666666666,6,0.02701067261151696,0.5833333333333334,0.026959682942642765,5.264537667604996e-05,9.611686784609634e-06,0.5777777777777776,0.008970663417366588,30,0.025,445543,2.1210078207148597,12
Bayesian/TUrBO,0.25,17,0.041666666666666664,0.16666666666666666,6,0.026993854724449363,0.5714285714285714,0.026959682942642765,5.264537667604996e-05,9.611686784609634e-06,0.5777777777777776,0.008970663417366588,30,0.025,157639,5.708452752544079,12
Bayesian/TUrBO,0.25,18,0.041666666666666664,0.16666666666666666,6,0.02692225963938292,0.5833333333333334,0.026959682942642765,5.264537667604996e-05,9.611686784609634e-06,0.5777777777777776,0.008970663417366588,30,0.025,324640,4.043431055417822,12
Bayesian/TUrBO,0.25,19,0.041666666666666664,0.16666666666666666,6,0.026972704123274346,0.5714285714285714,0.026959682942642765,5.264537667604996e-05,9.611686784609634e-06,0.5777777777777776,0.008970663417366588,30,0.025,712635,6.073889017319536,12
Bayesian/TUrBO,0.25,20,0.041666666666666664,0.16666666666666666,6,0.027023797862602738,0.5892857142857143,0.026959682942642765,5.264537667604996e-05,9.611686784609634e-06,0.5777777777777776,0.008970663417366588,30,0.025,624635,5.858004122084523,12
Bayesian/TUrBO,0.25,21,0.041666666666666664,0.16666666666666666,6,0.02694211717669313,0.5654761904761905,0.026959682942642765,5.264537667604996e-05,9.611686784609634e-06,0.5777777777777776,0.008970663417366588,30,0.025,844614,4.541774157720331,12
Bayesian/TUrBO,0.25,22,0.041666666666666664,0.16666666666666666,6,0.027021911286325313,0.5833333333333334,0.026959682942642765,5.264537667604996e-05,9.611686784609634e-06,0.5777777777777776,0.008970663417366588,30,0.025,892471,2.7540876130235548,12
Bayesian/TUrBO,0.25,23,0.041666666666666664,0.16666666666666666,6,0.026977697908694233,0.5833333333333334,0.026959682942642765,5.264537667604996e-05,9.611686784609634e-06,0.5777777777777776,0.008970663417366588,30,0.025,388092,2.5498263156550616,12
Bayesian/TUrBO,0.25,24,0.041666666666666664,0.16666666666666666,6,0.026990690472172937,0.5892857142857143,0.026959682942642765,5.264537667604996e-05,9.611686784609634e-06,0.5777777777777776,0.008970663417366588,30,0.025,808836,3.5214396752557304,12
Bayesian/TUrBO,0.25,25,0.041666666666666664,0.16666666666666666,6,0.026910357161115533,0.5595238095238095,0.026959682942642765,5.264537667604996e-05,9.611686784609634e-06,0.5777777777777776,0.008970663417366588,30,0.025,432017,1.8317111487137268,12
Bayesian/TUrBO,0.25,26,0.041666666666666664,0.16666666666666666,6,0.026970676992968644,0.5654761904761905,0.026959682942642765,5.264537667604996e-05,9.611686784609634e-06,0.5777777777777776,0.008970663417366588,30,0.025,414007,4.452581539924803,12
Bayesian/TUrBO,0.25,27,0.041666666666666664,0.16666666666666666,6,0.027007964153543854,0.5595238095238095,0.026959682942642765,5.264537667604996e-05,9.611686784609634e-06,0.5777777777777776,0.008970663417366588,30,0.025,290078,6.2798505313967,12
Bayesian/TUrBO,0.25,28,0.041666666666666664,0.16666666666666666,6,0.026947519398020422,0.5833333333333334,0.026959682942642765,5.264537667604996e-05,9.611686784609634e-06,0.5777777777777776,0.008970663417366588,30,0.025,38388,6.175000127549256,12
Bayesian/TUrBO,0.25,29,0.041666666666666664,0.16666666666666666,6,0.0269762882470591,0.5833333333333334,0.026959682942642765,5.264537667604996e-05,9.611686784609634e-06,0.5777777777777776,0.008970663417366588,30,0.025,862554,4.317604376734927,12
Bayesian/TUrBO,0.5,0,0.08333333333333333,0.16666666666666666,6,0.03712251148263921,0.49404761904761907,0.037178234961544106,6.890120258796504e-05,1.2579580965553927e-05,0.3763888888888889,0.060555172663658466,30,0.025,221248,4.064269234049636,12
Bayesian/TUrBO,0.5,1,0.08333333333333333,0.16666666666666666,6,0.03708450458523819,0.4642857142857143,0.037178234961544106,6.890120258796504e-05,1.2579580965553927e-05,0.3763888888888889,0.060555172663658466,30,0.025,614340,2.6176137696471296,12
Bayesian/TUrBO,0.5,2,0.08333333333333333,0.16666666666666666,6,0.0371696526516052,0.35119047619047616,0.037178234961544106,6.890120258796504e-05,1.2579580965553927e-05,0.3763888888888889,0.060555172663658466,30,0.025,902129,0.334361049452715,12
Bayesian/TUrBO,0.5,3,0.08333333333333333,0.16666666666666666,6,0.03718411462861193,0.3333333333333333,0.037178234961544106,6.890120258796504e-05,1.2579580965553927e-05,0.3763888888888889,0.060555172663658466,30,0.025,937885,1.7786981458530249,12
Bayesian/TUrBO,0.5,4,0.08333333333333333,0.16666666666666666,6,0.037176076434760875,0.34523809523809523,0.037178234961544106,6.890120258796504e-05,1.2579580965553927e-05,0.3763888888888889,0.060555172663658466,30,0.025,284559,6.093811754168201,12
Bayesian/TUrBO,0.5,5,0.08333333333333333,0.16666666666666666,6,0.03717016240636768,0.4880952380952381,0.037178234961544106,6.890120258796504e-05,1.2579580965553927e-05,0.3763888888888889,0.060555172663658466,30,0.025,999392,4.614283397824896,12
Bayesian/TUrBO,0.5,6,0.08333333333333333,0.16666666666666666,6,0.0373283758929204,0.47619047619047616,0.037178234961544106,6.890120258796504e-05,1.2579580965553927e-05,0.3763888888888889,0.060555172663658466,30,0.025,12066,3.1396117329688082,12
Bayesian/TUrBO,0.5,7,0.08333333333333333,0.16666666666666666,6,0.03719416113559748,0.35714285714285715,0.037178234961544106,6.890120258796504e-05,1.2579580965553927e-05,0.3763888888888889,0.060555172663658466,30,0.025,526806,3.4982918771590628,12
Bayesian/TUrBO,0.5,8,0.08333333333333333,0.16666666666666666,6,0.03718662475437798,0.3333333333333333,0.037178234961544106,6.890120258796504e-05,1.2579580965553927e-05,0.3763888888888889,0.060555172663658466,30,0.025,964493,2.1643414889794856,12
Bayesian/TUrBO,0.5,9,0.08333333333333333,0.16666666666666666,6,0.03705165913937851,0.49404761904761907,0.037178234961544106,6.890120258796504e-05,1.2579580965553927e-05,0.3763888888888889,0.060555172663658466,30,0.025,891638,5.647772169795311,12
Bayesian/TUrBO,0.5,10,0.08333333333333333,0.16666666666666666,6,0.03718462264457799,0.5,0.037178234961544106,6.890120258796504e-05,1.2579580965553927e-05,0.3763888888888889,0.060555172663658466,30,0.025,366855,3.598984792299494,12
Bayesian/TUrBO,0.5,11,0.08333333333333333,0.16666666666666666,6,0.03719164494368925,0.3630952380952381,0.037178234961544106,6.890120258796504e-05,1.2579580965553927e-05,0.3763888888888889,0.060555172663658466,30,0.025,333164,1.9408040406254568,12
Bayesian/TUrBO,0.5,12,0.08333333333333333,0.16666666666666666,6,0.03724890094544822,0.40476190476190477,0.037178234961544106,6.890120258796504e-05,1.2579580965553927e-05,0.3763888888888889,0.060555172663658466,30,0.025,170996,5.094044824494936,12
Bayesian/TUrBO,0.5,13,0.08333333333333333,0.16666666666666666,6,0.03725067759339717,0.3333333333333333,0.037178234961544106,6.890120258796504e-05,1.2579580965553927e-05,0.3763888888888889,0.060555172663658466,30,0.025,71904,3.3336002937771947,12
Bayesian/TUrBO,0.5,14,0.08333333333333333,0.16666666666666666,6,0.0371907190691784,0.3333333333333333,0.037178234961544106,6.890120258796504e-05,1.2579580965553927e-05,0.3763888888888889,0.060555172663658466,30,0.025,325630,3.9802329923722115,12
Bayesian/TUrBO,0.5,15,0.08333333333333333,0.16666666666666666,6,0.037054359077714934,0.3333333333333333,0.037178234961544106,6.890120258796504e-05,1.2579580965553927e-05,0.3763888888888889,0.060555172663658466,30,0.025,28261,1.8639405551387866,12
Bayesian/TUrBO,0.5,16,0.08333333333333333,0.16666666666666666,6,0.03721518846166365,0.3333333333333333,0.037178234961544106,6.890120258796504e-05,1.2579580965553927e-05,0.3763888888888889,0.060555172663658466,30,0.025,445543,0.3022709211798069,12
Bayesian/TUrBO,0.5,17,0.08333333333333333,0.16666666666666666,6,0.03720903587635454,0.3333333333333333,0.037178234961544106,6.890120258796504e-05,1.2579580965553927e-05,0.3763888888888889,0.060555172663658466,30,0.025,157639,1.869129767549331,12
Bayesian/TUrBO,0.5,18,0.08333333333333333,0.16666666666666666,6,0.037159577323814225,0.3333333333333333,0.037178234961544106,6.890120258796504e-05,1.2579580965553927e-05,0.3763888888888889,0.060555172663658466,30,0.025,324640,5.862170886909366,12
Bayesian/TUrBO,0.5,19,0.08333333333333333,0.16666666666666666,6,0.037241892859380406,0.3333333333333333,0.037178234961544106,6.890120258796504e-05,1.2579580965553927e-05,0.3763888888888889,0.060555172663658466,30,0.025,712635,4.504673176344257,12
Bayesian/TUrBO,0.5,20,0.08333333333333333,0.16666666666666666,6,0.037223552829005066,0.35119047619047616,0.037178234961544106,6.890120258796504e-05,1.2579580965553927e-05,0.3763888888888889,0.060555172663658466,30,0.025,624635,4.773310684880804,12
Bayesian/TUrBO,0.5,21,0.08333333333333333,0.16666666666666666,6,0.037224681953502085,0.34523809523809523,0.037178234961544106,6.890120258796504e-05,1.2579580965553927e-05,0.3763888888888889,0.060555172663658466,30,0.025,844614,6.096536741498065,12
Bayesian/TUrBO,0.5,22,0.08333333333333333,0.16666666666666666,6,0.03720202523179927,0.3333333333333333,0.037178234961544106,6.890120258796504e-05,1.2579580965553927e-05,0.3763888888888889,0.060555172663658466,30,0.025,892471,0.20896807389054217,12
Bayesian/TUrBO,0.5,23,0.08333333333333333,0.16666666666666666,6,0.03726368016859958,0.39285714285714285,0.037178234961544106,6.890120258796504e-05,1.2579580965553927e-05,0.3763888888888889,0.060555172663658466,30,0.025,388092,1.0816789279367147,12
Bayesian/TUrBO,0.5,24,0.08333333333333333,0.16666666666666666,6,0.037215482985243555,0.3333333333333333,0.037178234961544106,6.890120258796504e-05,1.2579580965553927e-05,0.3763888888888889,0.060555172663658466,30,0.025,808836,5.9431963904652525,12
Bayesian/TUrBO,0.5,25,0.08333333333333333,0.16666666666666666,6,0.037012283994721534,0.3333333333333333,0.037178234961544106,6.890120258796504e-05,1.2579580965553927e-05,0.3763888888888889,0.060555172663658466,30,0.025,432017,2.3521070897120904,12
Bayesian/TUrBO,0.5,26,0.08333333333333333,0.16666666666666666,6,0.03707972281374774,0.42857142857142855,0.037178234961544106,6.890120258796504e-05,1.2579580965553927e-05,0.3763888888888889,0.060555172663658466,30,0.025,414007,5.6171928265291085,12
Bayesian/TUrBO,0.5,27,0.08333333333333333,0.16666666666666666,6,0.037169660971182336,0.3392857142857143,0.037178234961544106,6.890120258796504e-05,1.2579580965553927e-05,0.3763888888888889,0.060555172663658466,30,0.025,290078,5.0452877827501466,12
Bayesian/TUrBO,0.5,28,0.08333333333333333,0.16666666666666666,6,0.03713109789604637,0.3630952380952381,0.037178234961544106,6.890120258796504e-05,1.2579580965553927e-05,0.3763888888888889,0.060555172663658466,30,0.025,38388,2.6868626953492507,12
Bayesian/TUrBO,0.5,29,0.08333333333333333,0.16666666666666666,6,0.037210398095759316,0.3333333333333333,0.037178234961544106,6.890120258796504e-05,1.2579580965553927e-05,0.3763888888888889,0.060555172663658466,30,0.025,862554,3.3100878760298005,12
Bayesian/TUrBO,0.7,0,0.11666666666666665,0.16666666666666666,6,0.04049668476320945,0.3630952380952381,0.04040003080224825,0.00013026900085028696,2.3783756769787277e-05,0.34999999999999987,0.00861873462857846,30,0.025,221248,4.67509123676093,12
Bayesian/TUrBO,0.7,1,0.11666666666666665,0.16666666666666666,6,0.04019145536598502,0.34523809523809523,0.04040003080224825,0.00013026900085028696,2.3783756769787277e-05,0.34999999999999987,0.00861873462857846,30,0.025,614340,3.1459698463429904,12
Bayesian/TUrBO,0.7,2,0.11666666666666665,0.16666666666666666,6,0.04051028999491892,0.35119047619047616,0.04040003080224825,0.00013026900085028696,2.3783756769787277e-05,0.34999999999999987,0.00861873462857846,30,0.025,902129,1.7867226717756775,12
Bayesian/TUrBO,0.7,3,0.11666666666666665,0.16666666666666666,6,0.04038568225143837,0.35119047619047616,0.04040003080224825,0.00013026900085028696,2.3783756769787277e-05,0.34999999999999987,0.00861873462857846,30,0.025,937885,3.150527803642063,12
Bayesian/TUrBO,0.7,4,0.11666666666666665,0.16666666666666666,6,0.04019390726715105,0.35119047619047616,0.04040003080224825,0.00013026900085028696,2.3783756769787277e-05,0.34999999999999987,0.00861873462857846,30,0.025,284559,3.9060708891689693,12
Bayesian/TUrBO,0.7,5,0.11666666666666665,0.16666666666666666,6,0.0403185057494886,0.34523809523809523,0.04040003080224825,0.00013026900085028696,2.3783756769787277e-05,0.34999999999999987,0.00861873462857846,30,0.025,999392,1.0619549441560634,12
Bayesian/TUrBO,0.7,6,0.11666666666666665,0.16666666666666666,6,0.04039876783516519,0.34523809523809523,0.04040003080224825,0.00013026900085028696,2.3783756769787277e-05,0.34999999999999987,0.00861873462857846,30,0.025,12066,2.6534390163680235,12
Bayesian/TUrBO,0.7,7,0.11666666666666665,0.16666666666666666,6,0.04040649464558114,0.35119047619047616,0.04040003080224825,0.00013026900085028696,2.3783756769787277e-05,0.34999999999999987,0.00861873462857846,30,0.025,526806,5.460265338021353,12
Bayesian/TUrBO,0.7,8,0.11666666666666665,0.16666666666666666,6,0.04035692071379434,0.35119047619047616,0.04040003080224825,0.00013026900085028696,2.3783756769787277e-05,0.34999999999999987,0.00861873462857846,30,0.025,964493,3.4710997197157636,12
Bayesian/TUrBO,0.7,9,0.11666666666666665,0.16666666666666666,6,0.04047286137091471,0.35714285714285715,0.04040003080224825,0.00013026900085028696,2.3783756769787277e-05,0.34999999999999987,0.00861873462857846,30,0.025,891638,4.794053653295881,12
Bayesian/TUrBO,0.7,10,0.11666666666666665,0.16666666666666666,6,0.040131485629313894,0.3630952380952381,0.04040003080224825,0.00013026900085028696,2.3783756769787277e-05,0.34999999999999987,0.00861873462857846,30,0.025,366855,3.244906789186696,12
Bayesian/TUrBO,0.7,11,0.11666666666666665,0.16666666666666666,6,0.040496613207633286,0.34523809523809523,0.04040003080224825,0.00013026900085028696,2.3783756769787277e-05,0.34999999999999987,0.00861873462857846,30,0.025,333164,1.2550576179107704,12
Bayesian/TUrBO,0.7,12,0.11666666666666665,0.16666666666666666,6,0.04044589268962331,0.35119047619047616,0.04040003080224825,0.00013026900085028696,2.3783756769787277e-05,0.34999999999999987,0.00861873462857846,30,0.025,170996,1.9435968816159677,12
Bayesian/TUrBO,0.7,13,0.11666666666666665,0.16666666666666666,6,0.04063237269831315,0.3392857142857143,0.04040003080224825,0.00013026900085028696,2.3783756769787277e-05,0.34999999999999987,0.00861873462857846,30,0.025,71904,1.5844371599439224,12
Bayesian/TUrBO,0.7,14,0.11666666666666665,0.16666666666666666,6,0.04035566699397254,0.34523809523809523,0.04040003080224825,0.00013026900085028696,2.3783756769787277e-05,0.34999999999999987,0.00861873462857846,30,0.025,325630,0.15477887928865425,12
Bayesian/TUrBO,0.7,15,0.11666666666666665,0.16666666666666666,6,0.040463221887249004,0.3333333333333333,0.04040003080224825,0.00013026900085028696,2.3783756769787277e-05,0.34999999999999987,0.00861873462857846,30,0.025,28261,5.363374509445903,12
Bayesian/TUrBO,0.7,16,0.11666666666666665,0.16666666666666666,6,0.040423183448896595,0.34523809523809523,0.04040003080224825,0.00013026900085028696,2.3783756769787277e-05,0.34999999999999987,0.00861873462857846,30,0.025,445543,5.985363930680684,12
Bayesian/TUrBO,0.7,17,0.11666666666666665,0.16666666666666666,6,0.040590973097464414,0.3333333333333333,0.04040003080224825,0.00013026900085028696,2.3783756769787277e-05,0.34999999999999987,0.00861873462857846,30,0.025,157639,4.418709160408579,12
Bayesian/TUrBO,0.7,18,0.11666666666666665,0.16666666666666666,6,0.04040056122846517,0.35119047619047616,0.04040003080224825,0.00013026900085028696,2.3783756769787277e-05,0.34999999999999987,0.00861873462857846,30,0.025,324640,4.929508480510476,12
Bayesian/TUrBO,0.7,19,0.11666666666666665,0.16666666666666666,6,0.04044159858891954,0.34523809523809523,0.04040003080224825,0.00013026900085028696,2.3783756769787277e-05,0.34999999999999987,0.00861873462857846,30,0.025,712635,0.007050748693258529,12
Bayesian/TUrBO,0.7,20,0.11666666666666665,0.16666666666666666,6,0.040321440553615424,0.3392857142857143,0.04040003080224825,0.00013026900085028696,2.3783756769787277e-05,0.34999999999999987,0.00861873462857846,30,0.025,624635,4.639775984603599,12
Bayesian/TUrBO,0.7,21,0.11666666666666665,0.16666666666666666,6,0.04055033695992138,0.34523809523809523,0.04040003080224825,0.00013026900085028696,2.3783756769787277e-05,0.34999999999999987,0.00861873462857846,30,0.025,844614,2.2156908854706807,12
Bayesian/TUrBO,0.7,22,0.11666666666666665,0.16666666666666666,6,0.04025034147177462,0.3630952380952381,0.04040003080224825,0.00013026900085028696,2.3783756769787277e-05,0.34999999999999987,0.00861873462857846,30,0.025,892471,3.1338301151300003,12
Bayesian/TUrBO,0.7,23,0.11666666666666665,0.16666666666666666,6,0.04010282379322904,0.34523809523809523,0.04040003080224825,0.00013026900085028696,2.3783756769787277e-05,0.34999999999999987,0.00861873462857846,30,0.025,388092,3.1494760673275235,12
Bayesian/TUrBO,0.7,24,0.11666666666666665,0.16666666666666666,6,0.04055371685050738,0.3630952380952381,0.04040003080224825,0.00013026900085028696,2.3783756769787277e-05,0.34999999999999987,0.00861873462857846,30,0.025,808836,4.708115822108512,12
Bayesian/TUrBO,0.7,25,0.11666666666666665,0.16666666666666666,6,0.040444351167207265,0.34523809523809523,0.04040003080224825,0.00013026900085028696,2.3783756769787277e-05,0.34999999999999987,0.00861873462857846,30,0.025,432017,1.0067641287160227,12
Bayesian/TUrBO,0.7,26,0.11666666666666665,0.16666666666666666,6,0.04046144184369117,0.35119047619047616,0.04040003080224825,0.00013026900085028696,2.3783756769787277e-05,0.34999999999999987,0.00861873462857846,30,0.025,414007,0.33530872501356274,12
Bayesian/TUrBO,0.7,27,0.11666666666666665,0.16666666666666666,6,0.04037253999505222,0.35714285714285715,0.04040003080224825,0.00013026900085028696,2.3783756769787277e-05,0.34999999999999987,0.00861873462857846,30,0.025,290078,2.8075101835446867,12
Bayesian/TUrBO,0.7,28,0.11666666666666665,0.16666666666666666,6,0.0405109913107925,0.3630952380952381,0.04040003080224825,0.00013026900085028696,2.3783756769787277e-05,0.34999999999999987,0.00861873462857846,30,0.025,38388,5.218397456697283,12
Bayesian/TUrBO,0.7,29,0.11666666666666665,0.16666666666666666,6,0.04031980069415845,0.3630952380952381,0.04040003080224825,0.00013026900085028696,2.3783756769787277e-05,0.34999999999999987,0.00861873462857846,30,0.025,862554,4.195535902467668,12
Bayesian/TUrBO,0.9,0,0.15,0.16666666666666666,6,0.04201067970419698,0.39285714285714285,0.04216387186638192,0.00013581239648774977,2.4795837715058646e-05,0.33412698412698405,0.0381853579635096,30,0.025,221248,3.917843631780498,12
Bayesian/TUrBO,0.9,1,0.15,0.16666666666666666,6,0.04217581105370282,0.30952380952380953,0.04216387186638192,0.00013581239648774977,2.4795837715058646e-05,0.33412698412698405,0.0381853579635096,30,0.025,614340,1.2961604416658328,12
Bayesian/TUrBO,0.9,2,0.15,0.16666666666666666,6,0.042076571734678624,0.30357142857142855,0.04216387186638192,0.00013581239648774977,2.4795837715058646e-05,0.33412698412698405,0.0381853579635096,30,0.025,902129,4.380751155404947,12
Bayesian/TUrBO,0.9,3,0.15,0.16666666666666666,6,0.042205236716053,0.3869047619047619,0.04216387186638192,0.00013581239648774977,2.4795837715058646e-05,0.33412698412698405,0.0381853579635096,30,0.025,937885,5.822148367140663,12
Bayesian/TUrBO,0.9,4,0.15,0.16666666666666666,6,0.04211779639504493,0.30952380952380953,0.04216387186638192,0.00013581239648774977,2.4795837715058646e-05,0.33412698412698405,0.0381853579635096,30,0.025,284559,0.04002716056654989,12
Bayesian/TUrBO,0.9,5,0.15,0.16666666666666666,6,0.04195531188239073,0.30357142857142855,0.04216387186638192,0.00013581239648774977,2.4795837715058646e-05,0.33412698412698405,0.0381853579635096,30,0.025,999392,3.43053644456528,12
Bayesian/TUrBO,0.9,6,0.15,0.16666666666666666,6,0.042218190909674984,0.2976190476190476,0.04216387186638192,0.00013581239648774977,2.4795837715058646e-05,0.33412698412698405,0.0381853579635096,30,0.025,12066,2.1384447825295716,12
Bayesian/TUrBO,0.9,7,0.15,0.16666666666666666,6,0.04221030809403684,0.30357142857142855,0.04216387186638192,0.00013581239648774977,2.4795837715058646e-05,0.33412698412698405,0.0381853579635096,30,0.025,526806,1.2577798641738631,12
Bayesian/TUrBO,0.9,8,0.15,0.16666666666666666,6,0.04226000988766357,0.30952380952380953,0.04216387186638192,0.00013581239648774977,2.4795837715058646e-05,0.33412698412698405,0.0381853579635096,30,0.025,964493,2.398602409842852,12
Bayesian/TUrBO,0.9,9,0.15,0.16666666666666666,6,0.04229604375467872,0.30952380952380953,0.04216387186638192,0.00013581239648774977,2.4795837715058646e-05,0.33412698412698405,0.0381853579635096,30,0.025,891638,2.4107052779259504,12
Bayesian/TUrBO,0.9,10,0.15,0.16666666666666666,6,0.042141281599458784,0.30357142857142855,0.04216387186638192,0.00013581239648774977,2.4795837715058646e-05,0.33412698412698405,0.0381853579635096,30,0.025,366855,4.61082410230981,12
Bayesian/TUrBO,0.9,11,0.15,0.16666666666666666,6,0.04212878142333632,0.30357142857142855,0.04216387186638192,0.00013581239648774977,2.4795837715058646e-05,0.33412698412698405,0.0381853579635096,30,0.025,333164,0.29621925468805144,12
Bayesian/TUrBO,0.9,12,0.15,0.16666666666666666,6,0.04202966235105201,0.31547619047619047,0.04216387186638192,0.00013581239648774977,2.4795837715058646e-05,0.33412698412698405,0.0381853579635096,30,0.025,170996,4.11288531091354,12
Bayesian/TUrBO,0.9,13,0.15,0.16666666666666666,6,0.041996849263237795,0.30952380952380953,0.04216387186638192,0.00013581239648774977,2.4795837715058646e-05,0.33412698412698405,0.0381853579635096,30,0.025,71904,3.499336689082077,12
Bayesian/TUrBO,0.9,14,0.15,0.16666666666666666,6,0.042311077273044936,0.30357142857142855,0.04216387186638192,0.00013581239648774977,2.4795837715058646e-05,0.33412698412698405,0.0381853579635096,30,0.025,325630,5.5582258562032605,12
Bayesian/TUrBO,0.9,15,0.15,0.16666666666666666,6,0.04229749625840672,0.39285714285714285,0.04216387186638192,0.00013581239648774977,2.4795837715058646e-05,0.33412698412698405,0.0381853579635096,30,0.025,28261,6.110567217771755,12
Bayesian/TUrBO,0.9,16,0.15,0.16666666666666666,6,0.04224729250538032,0.32142857142857145,0.04216387186638192,0.00013581239648774977,2.4795837715058646e-05,0.33412698412698405,0.0381853579635096,30,0.025,445543,1.9179071022561016,12
Bayesian/TUrBO,0.9,17,0.15,0.16666666666666666,6,0.042005028936188786,0.3869047619047619,0.04216387186638192,0.00013581239648774977,2.4795837715058646e-05,0.33412698412698405,0.0381853579635096,30,0.025,157639,3.554846877646296,12
Bayesian/TUrBO,0.9,18,0.15,0.16666666666666666,6,0.04200241000233248,0.30357142857142855,0.04216387186638192,0.00013581239648774977,2.4795837715058646e-05,0.33412698412698405,0.0381853579635096,30,0.025,324640,0.8636992974482313,12
Bayesian/TUrBO,0.9,19,0.15,0.16666666666666666,6,0.04211898931057326,0.375,0.04216387186638192,0.00013581239648774977,2.4795837715058646e-05,0.33412698412698405,0.0381853579635096,30,0.025,712635,3.2222915517651796,12
Bayesian/TUrBO,0.9,20,0.15,0.16666666666666666,6,0.042109818717048345,0.3333333333333333,0.04216387186638192,0.00013581239648774977,2.4795837715058646e-05,0.33412698412698405,0.0381853579635096,30,0.025,624635,5.054608028521051,12
Bayesian/TUrBO,0.9,21,0.15,0.16666666666666666,6,0.04226900572058832,0.3869047619047619,0.04216387186638192,0.00013581239648774977,2.4795837715058646e-05,0.33412698412698405,0.0381853579635096,30,0.025,844614,4.874863219449054,12
Bayesian/TUrBO,0.9,22,0.15,0.16666666666666666,6,0.042280852994776276,0.31547619047619047,0.04216387186638192,0.00013581239648774977,2.4795837715058646e-05,0.33412698412698405,0.0381853579635096,30,0.025,892471,2.7024797822196898,12
Bayesian/TUrBO,0.9,23,0.15,0.16666666666666666,6,0.04195049777670725,0.30357142857142855,0.04216387186638192,0.00013581239648774977,2.4795837715058646e-05,0.33412698412698405,0.0381853579635096,30,0.025,388092,3.7219414140411877,12
Bayesian/TUrBO,0.9,24,0.15,0.16666666666666666,6,0.041963765862024015,0.30357142857142855,0.04216387186638192,0.00013581239648774977,2.4795837715058646e-05,0.33412698412698405,0.0381853579635096,30,0.025,808836,0.8613111433479381,12
Bayesian/TUrBO,0.9,25,0.15,0.16666666666666666,6,0.0424744108690957,0.3392857142857143,0.04216387186638192,0.00013581239648774977,2.4795837715058646e-05,0.33412698412698405,0.0381853579635096,30,0.025,432017,2.2613693607326972,12
Bayesian/TUrBO,0.9,26,0.15,0.16666666666666666,6,0.04217446085079018,0.40476190476190477,0.04216387186638192,0.00013581239648774977,2.4795837715058646e-05,0.33412698412698405,0.0381853579635096,30,0.025,414007,0.4182747562710423,12
Bayesian/TUrBO,0.9,27,0.15,0.16666666666666666,6,0.042334187194406944,0.39880952380952384,0.04216387186638192,0.00013581239648774977,2.4795837715058646e-05,0.33412698412698405,0.0381853579635096,30,0.025,290078,2.0033509690337596,12
Bayesian/TUrBO,0.9,28,0.15,0.16666666666666666,6,0.04235659711373763,0.31547619047619047,0.04216387186638192,0.00013581239648774977,2.4795837715058646e-05,0.33412698412698405,0.0381853579635096,30,0.025,38388,5.5264400018950575,12
Bayesian/TUrBO,0.9,29,0.15,0.16666666666666666,6,0.04219772983715031,0.38095238095238093,0.04216387186638192,0.00013581239648774977,2.4795837715058646e-05,0.33412698412698405,0.0381853579635096,30,0.025,862554,2.6699077742224517,12
Bayesian/TUrBO,1.0,0,0.16666666666666666,0.16666666666666666,6,0.04266060201299135,0.3333333333333333,0.042749381140771786,7.530211762840945e-05,1.3748222817662426e-05,0.33214285714285724,0.004530502351829679,30,0.025,221248,1.6152135085535073,12
Bayesian/TUrBO,1.0,1,0.16666666666666666,0.16666666666666666,6,0.042647932569680386,0.3333333333333333,0.042749381140771786,7.530211762840945e-05,1.3748222817662426e-05,0.33214285714285724,0.004530502351829679,30,0.025,614340,0.9684520336807957,12
Bayesian/TUrBO,1.0,2,0.16666666666666666,0.16666666666666666,6,0.04270149027585612,0.3333333333333333,0.042749381140771786,7.530211762840945e-05,1.3748222817662426e-05,0.33214285714285724,0.004530502351829679,30,0.025,902129,3.9001237386421788,12
Bayesian/TUrBO,1.0,3,0.16666666666666666,0.16666666666666666,6,0.042728622452697436,0.3333333333333333,0.042749381140771786,7.530211762840945e-05,1.3748222817662426e-05,0.33214285714285724,0.004530502351829679,30,0.025,937885,1.6517774218577357,12
Bayesian/TUrBO,1.0,4,0.16666666666666666,0.16666666666666666,6,0.042699518650928796,0.30952380952380953,0.042749381140771786,7.530211762840945e-05,1.3748222817662426e-05,0.33214285714285724,0.004530502351829679,30,0.025,284559,2.2537556970531556,12
Bayesian/TUrBO,1.0,5,0.16666666666666666,0.16666666666666666,6,0.04284888313452294,0.3333333333333333,0.042749381140771786,7.530211762840945e-05,1.3748222817662426e-05,0.33214285714285724,0.004530502351829679,30,0.025,999392,5.289935884356528,12
Bayesian/TUrBO,1.0,6,0.16666666666666666,0.16666666666666666,6,0.04268583336638191,0.3333333333333333,0.042749381140771786,7.530211762840945e-05,1.3748222817662426e-05,0.33214285714285724,0.004530502351829679,30,0.025,12066,1.074664820675517,12
Bayesian/TUrBO,1.0,7,0.16666666666666666,0.16666666666666666,6,0.04260577592704426,0.3333333333333333,0.042749381140771786,7.530211762840945e-05,1.3748222817662426e-05,0.33214285714285724,0.004530502351829679,30,0.025,526806,0.060125955012439426,12
Bayesian/TUrBO,1.0,8,0.16666666666666666,0.16666666666666666,6,0.04275970907822122,0.3333333333333333,0.042749381140771786,7.530211762840945e-05,1.3748222817662426e-05,0.33214285714285724,0.004530502351829679,30,0.025,964493,4.757920244163637,12
Bayesian/TUrBO,1.0,9,0.16666666666666666,0.16666666666666666,6,0.04274892141090801,0.3273809523809524,0.042749381140771786,7.530211762840945e-05,1.3748222817662426e-05,0.33214285714285724,0.004530502351829679,30,0.025,891638,4.437201718054531,12
Bayesian/TUrBO,1.0,10,0.16666666666666666,0.16666666666666666,6,0.04283339072301912,0.3333333333333333,0.042749381140771786,7.530211762840945e-05,1.3748222817662426e-05,0.33214285714285724,0.004530502351829679,30,0.025,366855,0.07250540199824197,12
Bayesian/TUrBO,1.0,11,0.16666666666666666,0.16666666666666666,6,0.042692801791986784,0.3273809523809524,0.042749381140771786,7.530211762840945e-05,1.3748222817662426e-05,0.33214285714285724,0.004530502351829679,30,0.025,333164,0.14708106274675012,12
Bayesian/TUrBO,1.0,12,0.16666666666666666,0.16666666666666666,6,0.04272910697095754,0.3333333333333333,0.042749381140771786,7.530211762840945e-05,1.3748222817662426e-05,0.33214285714285724,0.004530502351829679,30,0.025,170996,1.5318652990671646,12
Bayesian/TUrBO,1.0,13,0.16666666666666666,0.16666666666666666,6,0.04276351761101009,0.3333333333333333,0.042749381140771786,7.530211762840945e-05,1.3748222817662426e-05,0.33214285714285724,0.004530502351829679,30,0.025,71904,3.1199687161288683,12
Bayesian/TUrBO,1.0,14,0.16666666666666666,0.16666666666666666,6,0.04289655679318356,0.3333333333333333,0.042749381140771786,7.530211762840945e-05,1.3748222817662426e-05,0.33214285714285724,0.004530502351829679,30,0.025,325630,4.126656764199915,12
Bayesian/TUrBO,1.0,15,0.16666666666666666,0.16666666666666666,6,0.042808925118612826,0.3333333333333333,0.042749381140771786,7.530211762840945e-05,1.3748222817662426e-05,0.33214285714285724,0.004530502351829679,30,0.025,28261,1.9992876240819657,12
Bayesian/TUrBO,1.0,16,0.16666666666666666,0.16666666666666666,6,0.042826048506106634,0.3333333333333333,0.042749381140771786,7.530211762840945e-05,1.3748222817662426e-05,0.33214285714285724,0.004530502351829679,30,0.025,445543,5.153512184461101,12
Bayesian/TUrBO,1.0,17,0.16666666666666666,0.16666666666666666,6,0.04270603416046624,0.3333333333333333,0.042749381140771786,7.530211762840945e-05,1.3748222817662426e-05,0.33214285714285724,0.004530502351829679,30,0.025,157639,1.8162314414486043,12
Bayesian/TUrBO,1.0,18,0.16666666666666666,0.16666666666666666,6,0.042765144191697586,0.3333333333333333,0.042749381140771786,7.530211762840945e-05,1.3748222817662426e-05,0.33214285714285724,0.004530502351829679,30,0.025,324640,2.9044337615146323,12
Bayesian/TUrBO,1.0,19,0.16666666666666666,0.16666666666666666,6,0.042603635143145496,0.3333333333333333,0.042749381140771786,7.530211762840945e-05,1.3748222817662426e-05,0.33214285714285724,0.004530502351829679,30,0.025,712635,1.5175261595407799,12
Bayesian/TUrBO,1.0,20,0.16666666666666666,0.16666666666666666,6,0.04274424765569659,0.3333333333333333,0.042749381140771786,7.530211762840945e-05,1.3748222817662426e-05,0.33214285714285724,0.004530502351829679,30,0.025,624635,5.706846832556992,12
Bayesian/TUrBO,1.0,21,0.16666666666666666,0.16666666666666666,6,0.04267203759568183,0.3333333333333333,0.042749381140771786,7.530211762840945e-05,1.3748222817662426e-05,0.33214285714285724,0.004530502351829679,30,0.025,844614,1.9484869226833166,12
Bayesian/TUrBO,1.0,22,0.16666666666666666,0.16666666666666666,6,0.042858732924207436,0.3333333333333333,0.042749381140771786,7.530211762840945e-05,1.3748222817662426e-05,0.33214285714285724,0.004530502351829679,30,0.025,892471,3.1914970945849648,12
Bayesian/TUrBO,1.0,23,0.16666666666666666,0.16666666666666666,6,0.042753044916970843,0.3333333333333333,0.042749381140771786,7.530211762840945e-05,1.3748222817662426e-05,0.33214285714285724,0.004530502351829679,30,0.025,388092,5.623385409639291,12
Bayesian/TUrBO,1.0,24,0.16666666666666666,0.16666666666666666,6,0.042807752287958085,0.3333333333333333,0.042749381140771786,7.530211762840945e-05,1.3748222817662426e-05,0.33214285714285724,0.004530502351829679,30,0.025,808836,6.165559332003642,12
Bayesian/TUrBO,1.0,25,0.16666666666666666,0.16666666666666666,6,0.042836751484058744,0.3333333333333333,0.042749381140771786,7.530211762840945e-05,1.3748222817662426e-05,0.33214285714285724,0.004530502351829679,30,0.025,432017,4.720360254233937,12
Bayesian/TUrBO,1.0,26,0.16666666666666666,0.16666666666666666,6,0.04283920632943778,0.3333333333333333,0.042749381140771786,7.530211762840945e-05,1.3748222817662426e-05,0.33214285714285724,0.004530502351829679,30,0.025,414007,0.7194150849372334,12
Bayesian/TUrBO,1.0,27,0.16666666666666666,0.16666666666666666,6,0.042702308203914074,0.3333333333333333,0.042749381140771786,7.530211762840945e-05,1.3748222817662426e-05,0.33214285714285724,0.004530502351829679,30,0.025,290078,0.9673085387432208,12
Bayesian/TUrBO,1.0,28,0.16666666666666666,0.16666666666666666,6,0.0427678206572014,0.3333333333333333,0.042749381140771786,7.530211762840945e-05,1.3748222817662426e-05,0.33214285714285724,0.004530502351829679,30,0.025,38388,4.222508455330312,12
Bayesian/TUrBO,1.0,29,0.16666666666666666,0.16666666666666666,6,0.04278708227860842,0.3333333333333333,0.042749381140771786,7.530211762840945e-05,1.3748222817662426e-05,0.33214285714285724,0.004530502351829679,30,0.025,862554,3.16903155882004,12
BLT,0.05,0,0.005555555555555556,0.1111111111111111,9,0.002907087734809066,1.0,0.003006792667628615,6.911011853740692e-05,1.2617723624931236e-05,1.0,0.0,30,0.025,222154,3.080297341020095,12
BLT,0.05,1,0.005555555555555556,0.1111111111111111,9,0.0029419868533873033,1.0,0.003006792667628615,6.911011853740692e-05,1.2617723624931236e-05,1.0,0.0,30,0.025,615246,5.890495648165692,12
BLT,0.05,2,0.005555555555555556,0.1111111111111111,9,0.0030281081373008914,1.0,0.003006792667628615,6.911011853740692e-05,1.2617723624931236e-05,1.0,0.0,30,0.025,903035,2.2325248766573393,12
BLT,0.05,3,0.005555555555555556,0.1111111111111111,9,0.0029286503364481303,1.0,0.003006792667628615,6.911011853740692e-05,1.2617723624931236e-05,1.0,0.0,30,0.025,938791,3.4848389376895357,12
BLT,0.05,4,0.005555555555555556,0.1111111111111111,9,0.0030006379592763827,1.0,0.003006792667628615,6.911011853740692e-05,1.2617723624931236e-05,1.0,0.0,30,0.025,285465,3.875833808765427,12
BLT,0.05,5,0.005555555555555556,0.1111111111111111,9,0.0030643016120878636,1.0,0.003006792667628615,6.911011853740692e-05,1.2617723624931236e-05,1.0,0.0,30,0.025,1000298,4.680157037252136,12
BLT,0.05,6,0.005555555555555556,0.1111111111111111,9,0.0030229805723140184,1.0,0.003006792667628615,6.911011853740692e-05,1.2617723624931236e-05,1.0,0.0,30,0.025,12972,0.9146986494446929,12
BLT,0.05,7,0.005555555555555556,0.1111111111111111,9,0.0030424583258327224,1.0,0.003006792667628615,6.911011853740692e-05,1.2617723624931236e-05,1.0,0.0,30,0.025,527712,4.196598270620298,12
BLT,0.05,8,0.005555555555555556,0.1111111111111111,9,0.003066252073310896,1.0,0.003006792667628615,6.911011853740692e-05,1.2617723624931236e-05,1.0,0.0,30,0.025,965399,1.7108533996982536,12
BLT,0.05,9,0.005555555555555556,0.1111111111111111,9,0.0029063087365039267,1.0,0.003006792667628615,6.911011853740692e-05,1.2617723624931236e-05,1.0,0.0,30,0.025,892544,3.031906463269197,12
BLT,0.05,10,0.005555555555555556,0.1111111111111111,9,0.0030714842094822226,1.0,0.003006792667628615,6.911011853740692e-05,1.2617723624931236e-05,1.0,0.0,30,0.025,367761,4.664660487436819,12
BLT,0.05,11,0.005555555555555556,0.1111111111111111,9,0.0030531198127642903,1.0,0.003006792667628615,6.911011853740692e-05,1.2617723624931236e-05,1.0,0.0,30,0.025,334070,1.1739038562886197,12
BLT,0.05,12,0.005555555555555556,0.1111111111111111,9,0.0030301333873184204,1.0,0.003006792667628615,6.911011853740692e-05,1.2617723624931236e-05,1.0,0.0,30,0.025,171902,4.044890282747731,12
BLT,0.05,13,0.005555555555555556,0.1111111111111111,9,0.002964782302770109,1.0,0.003006792667628615,6.911011853740692e-05,1.2617723624931236e-05,1.0,0.0,30,0.025,72810,3.64518638703941,12
BLT,0.05,14,0.005555555555555556,0.1111111111111111,9,0.003061374594497632,1.0,0.003006792667628615,6.911011853740692e-05,1.2617723624931236e-05,1.0,0.0,30,0.025,326536,1.8428052860824398,12
BLT,0.05,15,0.005555555555555556,0.1111111111111111,9,0.002895732430794365,1.0,0.003006792667628615,6.911011853740692e-05,1.2617723624931236e-05,1.0,0.0,30,0.025,29167,6.244888965294601,12
BLT,0.05,16,0.005555555555555556,0.1111111111111111,9,0.0030775327152341336,1.0,0.003006792667628615,6.911011853740692e-05,1.2617723624931236e-05,1.0,0.0,30,0.025,446449,4.893053904142243,12
BLT,0.05,17,0.005555555555555556,0.1111111111111111,9,0.002906121496925648,1.0,0.003006792667628615,6.911011853740692e-05,1.2617723624931236e-05,1.0,0.0,30,0.025,158545,0.13864502800422007,12
BLT,0.05,18,0.005555555555555556,0.1111111111111111,9,0.0029288860676710154,1.0,0.003006792667628615,6.911011853740692e-05,1.2617723624931236e-05,1.0,0.0,30,0.025,325546,3.618365382713512,12
BLT,0.05,19,0.005555555555555556,0.1111111111111111,9,0.0030438256464039672,1.0,0.003006792667628615,6.911011853740692e-05,1.2617723624931236e-05,1.0,0.0,30,0.025,713541,4.114248131855118,12
BLT,0.05,20,0.005555555555555556,0.1111111111111111,9,0.003121747626746002,1.0,0.003006792667628615,6.911011853740692e-05,1.2617723624931236e-05,1.0,0.0,30,0.025,625541,4.262506393736252,12
BLT,0.05,21,0.005555555555555556,0.1111111111111111,9,0.0029488401411909824,1.0,0.003006792667628615,6.911011853740692e-05,1.2617723624931236e-05,1.0,0.0,30,0.025,845520,5.64984868632826,12
BLT,0.05,22,0.005555555555555556,0.1111111111111111,9,0.00300985038028375,1.0,0.003006792667628615,6.911011853740692e-05,1.2617723624931236e-05,1.0,0.0,30,0.025,893377,2.1491427068235933,12
BLT,0.05,23,0.005555555555555556,0.1111111111111111,9,0.003015008837649549,1.0,0.003006792667628615,6.911011853740692e-05,1.2617723624931236e-05,1.0,0.0,30,0.025,388998,0.8499976885768372,12
BLT,0.05,24,0.005555555555555556,0.1111111111111111,9,0.003061406343612224,1.0,0.003006792667628615,6.911011853740692e-05,1.2617723624931236e-05,1.0,0.0,30,0.025,809742,4.497403262897937,12
BLT,0.05,25,0.005555555555555556,0.1111111111111111,9,0.0028764009677431338,1.0,0.003006792667628615,6.911011853740692e-05,1.2617723624931236e-05,1.0,0.0,30,0.025,432923,3.2862434677794408,12
BLT,0.05,26,0.005555555555555556,0.1111111111111111,9,0.002997394676728236,1.0,0.003006792667628615,6.911011853740692e-05,1.2617723624931236e-05,1.0,0.0,30,0.025,414913,2.2906333828793195,12
BLT,0.05,27,0.005555555555555556,0.1111111111111111,9,0.0030859346893330687,1.0,0.003006792667628615,6.911011853740692e-05,1.2617723624931236e-05,1.0,0.0,30,0.025,290984,1.3029777164662517,12
BLT,0.05,28,0.005555555555555556,0.1111111111111111,9,0.0030494276454325463,1.0,0.003006792667628615,6.911011853740692e-05,1.2617723624931236e-05,1.0,0.0,30,0.025,39294,2.1471590236306297,12
BLT,0.05,29,0.005555555555555556,0.1111111111111111,9,0.003096003715005944,1.0,0.003006792667628615,6.911011853740692e-05,1.2617723624931236e-05,1.0,0.0,30,0.025,863460,4.392752394823452,12
BLT,0.1,0,0.011111111111111112,0.1111111111111111,9,0.005583670129362944,1.0,0.005630686060523229,0.0001246803682156881,2.276341671659417e-05,1.0,0.0,30,0.025,222154,0.2748534231357145,12
BLT,0.1,1,0.011111111111111112,0.1111111111111111,9,0.0055269759717795405,1.0,0.005630686060523229,0.0001246803682156881,2.276341671659417e-05,1.0,0.0,30,0.025,615246,2.644853188588478,12
BLT,0.1,2,0.011111111111111112,0.1111111111111111,9,0.005566097039227584,1.0,0.005630686060523229,0.0001246803682156881,2.276341671659417e-05,1.0,0.0,30,0.025,903035,5.672045071817775,12
BLT,0.1,3,0.011111111111111112,0.1111111111111111,9,0.0056894538321440894,1.0,0.005630686060523229,0.0001246803682156881,2.276341671659417e-05,1.0,0.0,30,0.025,938791,0.6317300885104296,12
BLT,0.1,4,0.011111111111111112,0.1111111111111111,9,0.005488042101765894,1.0,0.005630686060523229,0.0001246803682156881,2.276341671659417e-05,1.0,0.0,30,0.025,285465,2.9155351443633175,12
BLT,0.1,5,0.011111111111111112,0.1111111111111111,9,0.0055416327930095976,1.0,0.005630686060523229,0.0001246803682156881,2.276341671659417e-05,1.0,0.0,30,0.025,1000298,5.642144112287704,12
BLT,0.1,6,0.011111111111111112,0.1111111111111111,9,0.005799177714560334,1.0,0.005630686060523229,0.0001246803682156881,2.276341671659417e-05,1.0,0.0,30,0.025,12972,4.160383449725319,12
BLT,0.1,7,0.011111111111111112,0.1111111111111111,9,0.005545709040333233,1.0,0.005630686060523229,0.0001246803682156881,2.276341671659417e-05,1.0,0.0,30,0.025,527712,3.31463934623019,12
BLT,0.1,8,0.011111111111111112,0.1111111111111111,9,0.005677705728407739,1.0,0.005630686060523229,0.0001246803682156881,2.276341671659417e-05,1.0,0.0,30,0.025,965399,0.6147855998057387,12
BLT,0.1,9,0.011111111111111112,0.1111111111111111,9,0.0058254320384763586,1.0,0.005630686060523229,0.0001246803682156881,2.276341671659417e-05,1.0,0.0,30,0.025,892544,4.6843522074681765,12
BLT,0.1,10,0.011111111111111112,0.1111111111111111,9,0.0055718004530109,1.0,0.005630686060523229,0.0001246803682156881,2.276341671659417e-05,1.0,0.0,30,0.025,367761,0.25246424603323003,12
BLT,0.1,11,0.011111111111111112,0.1111111111111111,9,0.005789563532901809,1.0,0.005630686060523229,0.0001246803682156881,2.276341671659417e-05,1.0,0.0,30,0.025,334070,1.649223773072159,12
BLT,0.1,12,0.011111111111111112,0.1111111111111111,9,0.0058189195527114735,1.0,0.005630686060523229,0.0001246803682156881,2.276341671659417e-05,1.0,0.0,30,0.025,171902,1.5724883943534576,12
BLT,0.1,13,0.011111111111111112,0.1111111111111111,9,0.005481671996537812,1.0,0.005630686060523229,0.0001246803682156881,2.276341671659417e-05,1.0,0.0,30,0.025,72810,2.971337817561793,12
BLT,0.1,14,0.011111111111111112,0.1111111111111111,9,0.005726982491749841,1.0,0.005630686060523229,0.0001246803682156881,2.276341671659417e-05,1.0,0.0,30,0.025,326536,3.8216220922602138,12
BLT,0.1,15,0.011111111111111112,0.1111111111111111,9,0.005680052080430865,1.0,0.005630686060523229,0.0001246803682156881,2.276341671659417e-05,1.0,0.0,30,0.025,29167,5.193454138841545,12
BLT,0.1,16,0.011111111111111112,0.1111111111111111,9,0.005504374120973514,1.0,0.005630686060523229,0.0001246803682156881,2.276341671659417e-05,1.0,0.0,30,0.025,446449,6.135691316333194,12
BLT,0.1,17,0.011111111111111112,0.1111111111111111,9,0.005599752965172088,1.0,0.005630686060523229,0.0001246803682156881,2.276341671659417e-05,1.0,0.0,30,0.025,158545,3.441011194816348,12
BLT,0.1,18,0.011111111111111112,0.1111111111111111,9,0.005484178875536021,1.0,0.005630686060523229,0.0001246803682156881,2.276341671659417e-05,1.0,0.0,30,0.025,325546,3.05383555676584,12
BLT,0.1,19,0.011111111111111112,0.1111111111111111,9,0.005840815577697798,1.0,0.005630686060523229,0.0001246803682156881,2.276341671659417e-05,1.0,0.0,30,0.025,713541,4.392667540657506,12
BLT,0.1,20,0.011111111111111112,0.1111111111111111,9,0.0055370121337036254,1.0,0.005630686060523229,0.0001246803682156881,2.276341671659417e-05,1.0,0.0,30,0.025,625541,3.073136613504085,12
BLT,0.1,21,0.011111111111111112,0.1111111111111111,9,0.005778896807724088,1.0,0.005630686060523229,0.0001246803682156881,2.276341671659417e-05,1.0,0.0,30,0.025,845520,0.8663002031835351,12
BLT,0.1,22,0.011111111111111112,0.1111111111111111,9,0.005609335722739486,1.0,0.005630686060523229,0.0001246803682156881,2.276341671659417e-05,1.0,0.0,30,0.025,893377,0.38674522106200543,12
BLT,0.1,23,0.011111111111111112,0.1111111111111111,9,0.005786386781494582,1.0,0.005630686060523229,0.0001246803682156881,2.276341671659417e-05,1.0,0.0,30,0.025,388998,4.905639489633271,12
BLT,0.1,24,0.011111111111111112,0.1111111111111111,9,0.005580447357668273,1.0,0.005630686060523229,0.0001246803682156881,2.276341671659417e-05,1.0,0.0,30,0.025,809742,3.4708344662159294,12
BLT,0.1,25,0.011111111111111112,0.1111111111111111,9,0.005486222254640266,1.0,0.005630686060523229,0.0001246803682156881,2.276341671659417e-05,1.0,0.0,30,0.025,432923,6.106082947458665,12
BLT,0.1,26,0.011111111111111112,0.1111111111111111,9,0.005555521595231037,1.0,0.005630686060523229,0.0001246803682156881,2.276341671659417e-05,1.0,0.0,30,0.025,414913,5.550217446826059,12
BLT,0.1,27,0.011111111111111112,0.1111111111111111,9,0.005475263601881331,1.0,0.005630686060523229,0.0001246803682156881,2.276341671659417e-05,1.0,0.0,30,0.025,290984,5.922372903316271,12
BLT,0.1,28,0.011111111111111112,0.1111111111111111,9,0.005809489600957415,1.0,0.005630686060523229,0.0001246803682156881,2.276341671659417e-05,1.0,0.0,30,0.025,39294,4.001946440936631,12
BLT,0.1,29,0.011111111111111112,0.1111111111111111,9,0.005559997923867293,1.0,0.005630686060523229,0.0001246803682156881,2.276341671659417e-05,1.0,0.0,30,0.025,863460,0.16597220904784288,12
BLT,0.25,0,0.027777777777777776,0.1111111111111111,9,0.013219837769531648,1.0,0.013147168287430865,0.00014559824596502164,2.658248121607596e-05,1.0,0.0,30,0.025,222154,1.488532385492876,12
BLT,0.25,1,0.027777777777777776,0.1111111111111111,9,0.013297909772074219,1.0,0.013147168287430865,0.00014559824596502164,2.658248121607596e-05,1.0,0.0,30,0.025,615246,4.1277117539022425,12
BLT,0.25,2,0.027777777777777776,0.1111111111111111,9,0.012969800522428045,1.0,0.013147168287430865,0.00014559824596502164,2.658248121607596e-05,1.0,0.0,30,0.025,903035,2.6736244591425433,12
BLT,0.25,3,0.027777777777777776,0.1111111111111111,9,0.01323750495264534,1.0,0.013147168287430865,0.00014559824596502164,2.658248121607596e-05,1.0,0.0,30,0.025,938791,1.5103710404462602,12
BLT,0.25,4,0.027777777777777776,0.1111111111111111,9,0.01332662144277858,1.0,0.013147168287430865,0.00014559824596502164,2.658248121607596e-05,1.0,0.0,30,0.025,285465,4.320494251492329,12
BLT,0.25,5,0.027777777777777776,0.1111111111111111,9,0.013060147135844587,1.0,0.013147168287430865,0.00014559824596502164,2.658248121607596e-05,1.0,0.0,30,0.025,1000298,5.079918424795102,12
BLT,0.25,6,0.027777777777777776,0.1111111111111111,9,0.013215543502900847,1.0,0.013147168287430865,0.00014559824596502164,2.658248121607596e-05,1.0,0.0,30,0.025,12972,4.71956960203301,12
BLT,0.25,7,0.027777777777777776,0.1111111111111111,9,0.013325045400010683,1.0,0.013147168287430865,0.00014559824596502164,2.658248121607596e-05,1.0,0.0,30,0.025,527712,4.303386006889153,12
BLT,0.25,8,0.027777777777777776,0.1111111111111111,9,0.013312644931310494,1.0,0.013147168287430865,0.00014559824596502164,2.658248121607596e-05,1.0,0.0,30,0.025,965399,3.8793889268580624,12
BLT,0.25,9,0.027777777777777776,0.1111111111111111,9,0.013097857609427402,1.0,0.013147168287430865,0.00014559824596502164,2.658248121607596e-05,1.0,0.0,30,0.025,892544,0.13597778604399338,12
BLT,0.25,10,0.027777777777777776,0.1111111111111111,9,0.012989440530931023,1.0,0.013147168287430865,0.00014559824596502164,2.658248121607596e-05,1.0,0.0,30,0.025,367761,6.116390623301227,12
BLT,0.25,11,0.027777777777777776,0.1111111111111111,9,0.01297242956466003,1.0,0.013147168287430865,0.00014559824596502164,2.658248121607596e-05,1.0,0.0,30,0.025,334070,6.085608482932963,12
BLT,0.25,12,0.027777777777777776,0.1111111111111111,9,0.013294627029926674,1.0,0.013147168287430865,0.00014559824596502164,2.658248121607596e-05,1.0,0.0,30,0.025,171902,4.445464214205229,12
BLT,0.25,13,0.027777777777777776,0.1111111111111111,9,0.013337058533576548,1.0,0.013147168287430865,0.00014559824596502164,2.658248121607596e-05,1.0,0.0,30,0.025,72810,3.9821437060228257,12
BLT,0.25,14,0.027777777777777776,0.1111111111111111,9,0.013164295912122871,1.0,0.013147168287430865,0.00014559824596502164,2.658248121607596e-05,1.0,0.0,30,0.025,326536,1.6790627895796784,12
BLT,0.25,15,0.027777777777777776,0.1111111111111111,9,0.01298782567584943,1.0,0.013147168287430865,0.00014559824596502164,2.658248121607596e-05,1.0,0.0,30,0.025,29167,2.1309758251970914,12
BLT,0.25,16,0.027777777777777776,0.1111111111111111,9,0.012987733025936657,1.0,0.013147168287430865,0.00014559824596502164,2.658248121607596e-05,1.0,0.0,30,0.025,446449,2.1210078207148597,12
BLT,0.25,17,0.027777777777777776,0.1111111111111111,9,0.012979286277047681,1.0,0.013147168287430865,0.00014559824596502164,2.658248121607596e-05,1.0,0.0,30,0.025,158545,5.708452752544079,12
BLT,0.25,18,0.027777777777777776,0.1111111111111111,9,0.013327068305173304,1.0,0.013147168287430865,0.00014559824596502164,2.658248121607596e-05,1.0,0.0,30,0.025,325546,4.043431055417822,12
BLT,0.25,19,0.027777777777777776,0.1111111111111111,9,0.013016613967708245,1.0,0.013147168287430865,0.00014559824596502164,2.658248121607596e-05,1.0,0.0,30,0.025,713541,6.073889017319536,12
BLT,0.25,20,0.027777777777777776,0.1111111111111111,9,0.01298386400033357,1.0,0.013147168287430865,0.00014559824596502164,2.658248121607596e-05,1.0,0.0,30,0.025,625541,5.858004122084523,12
BLT,0.25,21,0.027777777777777776,0.1111111111111111,9,0.013252372677949032,1.0,0.013147168287430865,0.00014559824596502164,2.658248121607596e-05,1.0,0.0,30,0.025,845520,4.541774157720331,12
BLT,0.25,22,0.027777777777777776,0.1111111111111111,9,0.012942842249286749,1.0,0.013147168287430865,0.00014559824596502164,2.658248121607596e-05,1.0,0.0,30,0.025,893377,2.7540876130235548,12
BLT,0.25,23,0.027777777777777776,0.1111111111111111,9,0.012965640738711674,1.0,0.013147168287430865,0.00014559824596502164,2.658248121607596e-05,1.0,0.0,30,0.025,388998,2.5498263156550616,12
BLT,0.25,24,0.027777777777777776,0.1111111111111111,9,0.013221504719610174,1.0,0.013147168287430865,0.00014559824596502164,2.658248121607596e-05,1.0,0.0,30,0.025,809742,3.5214396752557304,12
BLT,0.25,25,0.027777777777777776,0.1111111111111111,9,0.013114547753586756,1.0,0.013147168287430865,0.00014559824596502164,2.658248121607596e-05,1.0,0.0,30,0.025,432923,1.8317111487137268,12
BLT,0.25,26,0.027777777777777776,0.1111111111111111,9,0.01332766206676356,1.0,0.013147168287430865,0.00014559824596502164,2.658248121607596e-05,1.0,0.0,30,0.025,414913,4.452581539924803,12
BLT,0.25,27,0.027777777777777776,0.1111111111111111,9,0.01312641053926502,1.0,0.013147168287430865,0.00014559824596502164,2.658248121607596e-05,1.0,0.0,30,0.025,290984,6.2798505313967,12
BLT,0.25,28,0.027777777777777776,0.1111111111111111,9,0.013030331794619592,1.0,0.013147168287430865,0.00014559824596502164,2.658248121607596e-05,1.0,0.0,30,0.025,39294,6.175000127549256,12
BLT,0.25,29,0.027777777777777776,0.1111111111111111,9,0.013330580220915478,1.0,0.013147168287430865,0.00014559824596502164,2.658248121607596e-05,1.0,0.0,30,0.025,863460,4.317604376734927,12
BLT,0.5,0,0.05555555555555555,0.1111111111111111,9,0.022077371141689298,0.8452380952380952,0.0220812025538013,0.0001332794680555799,2.433339036877677e-05,0.84265873015873,0.013418110048540412,30,0.025,222154,4.064269234049636,12
BLT,0.5,1,0.05555555555555555,0.1111111111111111,9,0.02210919271355102,0.8154761904761905,0.0220812025538013,0.0001332794680555799,2.433339036877677e-05,0.84265873015873,0.013418110048540412,30,0.025,615246,2.6176137696471296,12
BLT,0.5,2,0.05555555555555555,0.1111111111111111,9,0.021953409389048356,0.8690476190476191,0.0220812025538013,0.0001332794680555799,2.433339036877677e-05,0.84265873015873,0.013418110048540412,30,0.025,903035,0.334361049452715,12
BLT,0.5,3,0.05555555555555555,0.1111111111111111,9,0.02228438859697653,0.8333333333333334,0.0220812025538013,0.0001332794680555799,2.433339036877677e-05,0.84265873015873,0.013418110048540412,30,0.025,938791,1.7786981458530249,12
BLT,0.5,4,0.05555555555555555,0.1111111111111111,9,0.022001366050707582,0.8452380952380952,0.0220812025538013,0.0001332794680555799,2.433339036877677e-05,0.84265873015873,0.013418110048540412,30,0.025,285465,6.093811754168201,12
BLT,0.5,5,0.05555555555555555,0.1111111111111111,9,0.02218567577087228,0.8154761904761905,0.0220812025538013,0.0001332794680555799,2.433339036877677e-05,0.84265873015873,0.013418110048540412,30,0.025,1000298,4.614283397824896,12
BLT,0.5,6,0.05555555555555555,0.1111111111111111,9,0.02193099427798901,0.8452380952380952,0.0220812025538013,0.0001332794680555799,2.433339036877677e-05,0.84265873015873,0.013418110048540412,30,0.025,12972,3.1396117329688082,12
BLT,0.5,7,0.05555555555555555,0.1111111111111111,9,0.021886723162242033,0.8571428571428571,0.0220812025538013,0.0001332794680555799,2.433339036877677e-05,0.84265873015873,0.013418110048540412,30,0.025,527712,3.4982918771590628,12
BLT,0.5,8,0.05555555555555555,0.1111111111111111,9,0.022196322320901345,0.8333333333333334,0.0220812025538013,0.0001332794680555799,2.433339036877677e-05,0.84265873015873,0.013418110048540412,30,0.025,965399,2.1643414889794856,12
BLT,0.5,9,0.05555555555555555,0.1111111111111111,9,0.022105357393749497,0.8392857142857143,0.0220812025538013,0.0001332794680555799,2.433339036877677e-05,0.84265873015873,0.013418110048540412,30,0.025,892544,5.647772169795311,12
BLT,0.5,10,0.05555555555555555,0.1111111111111111,9,0.021972448328308546,0.8333333333333334,0.0220812025538013,0.0001332794680555799,2.433339036877677e-05,0.84265873015873,0.013418110048540412,30,0.025,367761,3.598984792299494,12
BLT,0.5,11,0.05555555555555555,0.1111111111111111,9,0.0222036575556327,0.8630952380952381,0.0220812025538013,0.0001332794680555799,2.433339036877677e-05,0.84265873015873,0.013418110048540412,30,0.025,334070,1.9408040406254568,12
BLT,0.5,12,0.05555555555555555,0.1111111111111111,9,0.022238106736644937,0.8452380952380952,0.0220812025538013,0.0001332794680555799,2.433339036877677e-05,0.84265873015873,0.013418110048540412,30,0.025,171902,5.094044824494936,12
BLT,0.5,13,0.05555555555555555,0.1111111111111111,9,0.02196812313708051,0.8571428571428571,0.0220812025538013,0.0001332794680555799,2.433339036877677e-05,0.84265873015873,0.013418110048540412,30,0.025,72810,3.3336002937771947,12
BLT,0.5,14,0.05555555555555555,0.1111111111111111,9,0.021989552933698333,0.8571428571428571,0.0220812025538013,0.0001332794680555799,2.433339036877677e-05,0.84265873015873,0.013418110048540412,30,0.025,326536,3.9802329923722115,12
BLT,0.5,15,0.05555555555555555,0.1111111111111111,9,0.022329017267520117,0.8273809523809523,0.0220812025538013,0.0001332794680555799,2.433339036877677e-05,0.84265873015873,0.013418110048540412,30,0.025,29167,1.8639405551387866,12
BLT,0.5,16,0.05555555555555555,0.1111111111111111,9,0.02185696292449586,0.8452380952380952,0.0220812025538013,0.0001332794680555799,2.433339036877677e-05,0.84265873015873,0.013418110048540412,30,0.025,446449,0.3022709211798069,12
BLT,0.5,17,0.05555555555555555,0.1111111111111111,9,0.022225122503196266,0.8392857142857143,0.0220812025538013,0.0001332794680555799,2.433339036877677e-05,0.84265873015873,0.013418110048540412,30,0.025,158545,1.869129767549331,12
BLT,0.5,18,0.05555555555555555,0.1111111111111111,9,0.02208590431945987,0.8452380952380952,0.0220812025538013,0.0001332794680555799,2.433339036877677e-05,0.84265873015873,0.013418110048540412,30,0.025,325546,5.862170886909366,12
BLT,0.5,19,0.05555555555555555,0.1111111111111111,9,0.02225094878983787,0.8273809523809523,0.0220812025538013,0.0001332794680555799,2.433339036877677e-05,0.84265873015873,0.013418110048540412,30,0.025,713541,4.504673176344257,12
BLT,0.5,20,0.05555555555555555,0.1111111111111111,9,0.022227553491101518,0.8511904761904762,0.0220812025538013,0.0001332794680555799,2.433339036877677e-05,0.84265873015873,0.013418110048540412,30,0.025,625541,4.773310684880804,12
BLT,0.5,21,0.05555555555555555,0.1111111111111111,9,0.02197754130331094,0.8452380952380952,0.0220812025538013,0.0001332794680555799,2.433339036877677e-05,0.84265873015873,0.013418110048540412,30,0.025,845520,6.096536741498065,12
BLT,0.5,22,0.05555555555555555,0.1111111111111111,9,0.02196190169421381,0.8571428571428571,0.0220812025538013,0.0001332794680555799,2.433339036877677e-05,0.84265873015873,0.013418110048540412,30,0.025,893377,0.20896807389054217,12
BLT,0.5,23,0.05555555555555555,0.1111111111111111,9,0.02203461005958296,0.8333333333333334,0.0220812025538013,0.0001332794680555799,2.433339036877677e-05,0.84265873015873,0.013418110048540412,30,0.025,388998,1.0816789279367147,12
BLT,0.5,24,0.05555555555555555,0.1111111111111111,9,0.02194007286350647,0.8333333333333334,0.0220812025538013,0.0001332794680555799,2.433339036877677e-05,0.84265873015873,0.013418110048540412,30,0.025,809742,5.9431963904652525,12
BLT,0.5,25,0.05555555555555555,0.1111111111111111,9,0.02213451947692936,0.8273809523809523,0.0220812025538013,0.0001332794680555799,2.433339036877677e-05,0.84265873015873,0.013418110048540412,30,0.025,432923,2.3521070897120904,12
BLT,0.5,26,0.05555555555555555,0.1111111111111111,9,0.0221158481718352,0.8333333333333334,0.0220812025538013,0.0001332794680555799,2.433339036877677e-05,0.84265873015873,0.013418110048540412,30,0.025,414913,5.6171928265291085,12
BLT,0.5,27,0.05555555555555555,0.1111111111111111,9,0.022242210379484696,0.8452380952380952,0.0220812025538013,0.0001332794680555799,2.433339036877677e-05,0.84265873015873,0.013418110048540412,30,0.025,290984,5.0452877827501466,12
BLT,0.5,28,0.05555555555555555,0.1111111111111111,9,0.022048326599398656,0.8571428571428571,0.0220812025538013,0.0001332794680555799,2.433339036877677e-05,0.84265873015873,0.013418110048540412,30,0.025,39294,2.6868626953492507,12
BLT,0.5,29,0.05555555555555555,0.1111111111111111,9,0.021902847261073412,0.8571428571428571,0.0220812025538013,0.0001332794680555799,2.433339036877677e-05,0.84265873015873,0.013418110048540412,30,0.025,863460,3.3100878760298005,12
BLT,0.7,0,0.07777777777777777,0.1111111111111111,9,0.026569746142172834,0.6011904761904762,0.026509296919911142,6.53189568264815e-05,1.1925555362189992e-05,0.591468253968254,0.01006800772885709,30,0.025,222154,4.67509123676093,12
BLT,0.7,1,0.07777777777777777,0.1111111111111111,9,0.02644192793880565,0.6071428571428571,0.026509296919911142,6.53189568264815e-05,1.1925555362189992e-05,0.591468253968254,0.01006800772885709,30,0.025,615246,3.1459698463429904,12
BLT,0.7,2,0.07777777777777777,0.1111111111111111,9,0.02653698556187159,0.5773809523809523,0.026509296919911142,6.53189568264815e-05,1.1925555362189992e-05,0.591468253968254,0.01006800772885709,30,0.025,903035,1.7867226717756775,12
BLT,0.7,3,0.07777777777777777,0.1111111111111111,9,0.026501187227554786,0.5654761904761905,0.026509296919911142,6.53189568264815e-05,1.1925555362189992e-05,0.591468253968254,0.01006800772885709,30,0.025,938791,3.150527803642063,12
BLT,0.7,4,0.07777777777777777,0.1111111111111111,9,0.02650353464546838,0.5892857142857143,0.026509296919911142,6.53189568264815e-05,1.1925555362189992e-05,0.591468253968254,0.01006800772885709,30,0.025,285465,3.9060708891689693,12
BLT,0.7,5,0.07777777777777777,0.1111111111111111,9,0.026553862217421804,0.5952380952380952,0.026509296919911142,6.53189568264815e-05,1.1925555362189992e-05,0.591468253968254,0.01006800772885709,30,0.025,1000298,1.0619549441560634,12
BLT,0.7,6,0.07777777777777777,0.1111111111111111,9,0.026396985499661574,0.5833333333333334,0.026509296919911142,6.53189568264815e-05,1.1925555362189992e-05,0.591468253968254,0.01006800772885709,30,0.025,12972,2.6534390163680235,12
BLT,0.7,7,0.07777777777777777,0.1111111111111111,9,0.026452376858112355,0.5773809523809523,0.026509296919911142,6.53189568264815e-05,1.1925555362189992e-05,0.591468253968254,0.01006800772885709,30,0.025,527712,5.460265338021353,12
BLT,0.7,8,0.07777777777777777,0.1111111111111111,9,0.026511152998562028,0.6011904761904762,0.026509296919911142,6.53189568264815e-05,1.1925555362189992e-05,0.591468253968254,0.01006800772885709,30,0.025,965399,3.4710997197157636,12
BLT,0.7,9,0.07777777777777777,0.1111111111111111,9,0.026539635765033025,0.5952380952380952,0.026509296919911142,6.53189568264815e-05,1.1925555362189992e-05,0.591468253968254,0.01006800772885709,30,0.025,892544,4.794053653295881,12
BLT,0.7,10,0.07777777777777777,0.1111111111111111,9,0.026406552933487044,0.5833333333333334,0.026509296919911142,6.53189568264815e-05,1.1925555362189992e-05,0.591468253968254,0.01006800772885709,30,0.025,367761,3.244906789186696,12
BLT,0.7,11,0.07777777777777777,0.1111111111111111,9,0.026634770061490218,0.5833333333333334,0.026509296919911142,6.53189568264815e-05,1.1925555362189992e-05,0.591468253968254,0.01006800772885709,30,0.025,334070,1.2550576179107704,12
BLT,0.7,12,0.07777777777777777,0.1111111111111111,9,0.02650705514552414,0.6011904761904762,0.026509296919911142,6.53189568264815e-05,1.1925555362189992e-05,0.591468253968254,0.01006800772885709,30,0.025,171902,1.9435968816159677,12
BLT,0.7,13,0.07777777777777777,0.1111111111111111,9,0.026599411262684787,0.6011904761904762,0.026509296919911142,6.53189568264815e-05,1.1925555362189992e-05,0.591468253968254,0.01006800772885709,30,0.025,72810,1.5844371599439224,12
BLT,0.7,14,0.07777777777777777,0.1111111111111111,9,0.026460367206086577,0.5952380952380952,0.026509296919911142,6.53189568264815e-05,1.1925555362189992e-05,0.591468253968254,0.01006800772885709,30,0.025,326536,0.15477887928865425,12
BLT,0.7,15,0.07777777777777777,0.1111111111111111,9,0.026462361110511243,0.5892857142857143,0.026509296919911142,6.53189568264815e-05,1.1925555362189992e-05,0.591468253968254,0.01006800772885709,30,0.025,29167,5.363374509445903,12
BLT,0.7,16,0.07777777777777777,0.1111111111111111,9,0.02643568305830526,0.5952380952380952,0.026509296919911142,6.53189568264815e-05,1.1925555362189992e-05,0.591468253968254,0.01006800772885709,30,0.025,446449,5.985363930680684,12
BLT,0.7,17,0.07777777777777777,0.1111111111111111,9,0.026592163091061306,0.5892857142857143,0.026509296919911142,6.53189568264815e-05,1.1925555362189992e-05,0.591468253968254,0.01006800772885709,30,0.025,158545,4.418709160408579,12
BLT,0.7,18,0.07777777777777777,0.1111111111111111,9,0.02646481810956062,0.5952380952380952,0.026509296919911142,6.53189568264815e-05,1.1925555362189992e-05,0.591468253968254,0.01006800772885709,30,0.025,325546,4.929508480510476,12
BLT,0.7,19,0.07777777777777777,0.1111111111111111,9,0.02646667202435706,0.6071428571428571,0.026509296919911142,6.53189568264815e-05,1.1925555362189992e-05,0.591468253968254,0.01006800772885709,30,0.025,713541,0.007050748693258529,12
BLT,0.7,20,0.07777777777777777,0.1111111111111111,9,0.026641502773266094,0.5892857142857143,0.026509296919911142,6.53189568264815e-05,1.1925555362189992e-05,0.591468253968254,0.01006800772885709,30,0.025,625541,4.639775984603599,12
BLT,0.7,21,0.07777777777777777,0.1111111111111111,9,0.02648838376416435,0.6011904761904762,0.026509296919911142,6.53189568264815e-05,1.1925555362189992e-05,0.591468253968254,0.01006800772885709,30,0.025,845520,2.2156908854706807,12
BLT,0.7,22,0.07777777777777777,0.1111111111111111,9,0.02643379444298817,0.5833333333333334,0.026509296919911142,6.53189568264815e-05,1.1925555362189992e-05,0.591468253968254,0.01006800772885709,30,0.025,893377,3.1338301151300003,12
BLT,0.7,23,0.07777777777777777,0.1111111111111111,9,0.026516918263172692,0.5833333333333334,0.026509296919911142,6.53189568264815e-05,1.1925555362189992e-05,0.591468253968254,0.01006800772885709,30,0.025,388998,3.1494760673275235,12
BLT,0.7,24,0.07777777777777777,0.1111111111111111,9,0.026541299685267743,0.6011904761904762,0.026509296919911142,6.53189568264815e-05,1.1925555362189992e-05,0.591468253968254,0.01006800772885709,30,0.025,809742,4.708115822108512,12
BLT,0.7,25,0.07777777777777777,0.1111111111111111,9,0.02659569128086045,0.5833333333333334,0.026509296919911142,6.53189568264815e-05,1.1925555362189992e-05,0.591468253968254,0.01006800772885709,30,0.025,432923,1.0067641287160227,12
BLT,0.7,26,0.07777777777777777,0.1111111111111111,9,0.02655729289721037,0.6071428571428571,0.026509296919911142,6.53189568264815e-05,1.1925555362189992e-05,0.591468253968254,0.01006800772885709,30,0.025,414913,0.33530872501356274,12
BLT,0.7,27,0.07777777777777777,0.1111111111111111,9,0.02644356112805237,0.5892857142857143,0.026509296919911142,6.53189568264815e-05,1.1925555362189992e-05,0.591468253968254,0.01006800772885709,30,0.025,290984,2.8075101835446867,12
BLT,0.7,28,0.07777777777777777,0.1111111111111111,9,0.02647993157215812,0.5833333333333334,0.026509296919911142,6.53189568264815e-05,1.1925555362189992e-05,0.591468253968254,0.01006800772885709,30,0.025,39294,5.218397456697283,12
BLT,0.7,29,0.07777777777777777,0.1111111111111111,9,0.026543282932461554,0.5892857142857143,0.026509296919911142,6.53189568264815e-05,1.1925555362189992e-05,0.591468253968254,0.01006800772885709,30,0.025,863460,4.195535902467668,12
BLT,0.9,0,0.09999999999999999,0.1111111111111111,9,0.029460252384678275,0.40476190476190477,0.029530809015335772,0.00010849442443309461,1.9808281208515188e-05,0.5123015873015874,0.08929164366372723,30,0.025,222154,3.917843631780498,12
BLT,0.9,1,0.09999999999999999,0.1111111111111111,9,0.029589039043007023,0.5595238095238095,0.029530809015335772,0.00010849442443309461,1.9808281208515188e-05,0.5123015873015874,0.08929164366372723,30,0.025,615246,1.2961604416658328,12
BLT,0.9,2,0.09999999999999999,0.1111111111111111,9,0.02956799948080879,0.5952380952380952,0.029530809015335772,0.00010849442443309461,1.9808281208515188e-05,0.5123015873015874,0.08929164366372723,30,0.025,903035,4.380751155404947,12
BLT,0.9,3,0.09999999999999999,0.1111111111111111,9,0.02961565276154543,0.39880952380952384,0.029530809015335772,0.00010849442443309461,1.9808281208515188e-05,0.5123015873015874,0.08929164366372723,30,0.025,938791,5.822148367140663,12
BLT,0.9,4,0.09999999999999999,0.1111111111111111,9,0.02944359879911011,0.5535714285714286,0.029530809015335772,0.00010849442443309461,1.9808281208515188e-05,0.5123015873015874,0.08929164366372723,30,0.025,285465,0.04002716056654989,12
BLT,0.9,5,0.09999999999999999,0.1111111111111111,9,0.02943057883783584,0.42857142857142855,0.029530809015335772,0.00010849442443309461,1.9808281208515188e-05,0.5123015873015874,0.08929164366372723,30,0.025,1000298,3.43053644456528,12
BLT,0.9,6,0.09999999999999999,0.1111111111111111,9,0.029741729176191736,0.39285714285714285,0.029530809015335772,0.00010849442443309461,1.9808281208515188e-05,0.5123015873015874,0.08929164366372723,30,0.025,12972,2.1384447825295716,12
BLT,0.9,7,0.09999999999999999,0.1111111111111111,9,0.02948535435623722,0.5952380952380952,0.029530809015335772,0.00010849442443309461,1.9808281208515188e-05,0.5123015873015874,0.08929164366372723,30,0.025,527712,1.2577798641738631,12
BLT,0.9,8,0.09999999999999999,0.1111111111111111,9,0.029659473693764142,0.5952380952380952,0.029530809015335772,0.00010849442443309461,1.9808281208515188e-05,0.5123015873015874,0.08929164366372723,30,0.025,965399,2.398602409842852,12
BLT,0.9,9,0.09999999999999999,0.1111111111111111,9,0.029612191933023668,0.5952380952380952,0.029530809015335772,0.00010849442443309461,1.9808281208515188e-05,0.5123015873015874,0.08929164366372723,30,0.025,892544,2.4107052779259504,12
BLT,0.9,10,0.09999999999999999,0.1111111111111111,9,0.029573205047792088,0.39880952380952384,0.029530809015335772,0.00010849442443309461,1.9808281208515188e-05,0.5123015873015874,0.08929164366372723,30,0.025,367761,4.61082410230981,12
BLT,0.9,11,0.09999999999999999,0.1111111111111111,9,0.029423075364264036,0.4107142857142857,0.029530809015335772,0.00010849442443309461,1.9808281208515188e-05,0.5123015873015874,0.08929164366372723,30,0.025,334070,0.29621925468805144,12
BLT,0.9,12,0.09999999999999999,0.1111111111111111,9,0.029386736459663314,0.5059523809523809,0.029530809015335772,0.00010849442443309461,1.9808281208515188e-05,0.5123015873015874,0.08929164366372723,30,0.025,171902,4.11288531091354,12
BLT,0.9,13,0.09999999999999999,0.1111111111111111,9,0.029446557344054918,0.5357142857142857,0.029530809015335772,0.00010849442443309461,1.9808281208515188e-05,0.5123015873015874,0.08929164366372723,30,0.025,72810,3.499336689082077,12
BLT,0.9,14,0.09999999999999999,0.1111111111111111,9,0.02967445079821965,0.5952380952380952,0.029530809015335772,0.00010849442443309461,1.9808281208515188e-05,0.5123015873015874,0.08929164366372723,30,0.025,326536,5.5582258562032605,12
BLT,0.9,15,0.09999999999999999,0.1111111111111111,9,0.029446998207299683,0.6011904761904762,0.029530809015335772,0.00010849442443309461,1.9808281208515188e-05,0.5123015873015874,0.08929164366372723,30,0.025,29167,6.110567217771755,12
BLT,0.9,16,0.09999999999999999,0.1111111111111111,9,0.029653097750331956,0.5595238095238095,0.029530809015335772,0.00010849442443309461,1.9808281208515188e-05,0.5123015873015874,0.08929164366372723,30,0.025,446449,1.9179071022561016,12
BLT,0.9,17,0.09999999999999999,0.1111111111111111,9,0.02938729696087457,0.6071428571428571,0.029530809015335772,0.00010849442443309461,1.9808281208515188e-05,0.5123015873015874,0.08929164366372723,30,0.025,158545,3.554846877646296,12
BLT,0.9,18,0.09999999999999999,0.1111111111111111,9,0.029376187491622144,0.40476190476190477,0.029530809015335772,0.00010849442443309461,1.9808281208515188e-05,0.5123015873015874,0.08929164366372723,30,0.025,325546,0.8636992974482313,12
BLT,0.9,19,0.09999999999999999,0.1111111111111111,9,0.029370313872963287,0.4523809523809524,0.029530809015335772,0.00010849442443309461,1.9808281208515188e-05,0.5123015873015874,0.08929164366372723,30,0.025,713541,3.2222915517651796,12
BLT,0.9,20,0.09999999999999999,0.1111111111111111,9,0.029646841783897558,0.5654761904761905,0.029530809015335772,0.00010849442443309461,1.9808281208515188e-05,0.5123015873015874,0.08929164366372723,30,0.025,625541,5.054608028521051,12
BLT,0.9,21,0.09999999999999999,0.1111111111111111,9,0.029599446433910638,0.5952380952380952,0.029530809015335772,0.00010849442443309461,1.9808281208515188e-05,0.5123015873015874,0.08929164366372723,30,0.025,845520,4.874863219449054,12
BLT,0.9,22,0.09999999999999999,0.1111111111111111,9,0.029553013241948166,0.39880952380952384,0.029530809015335772,0.00010849442443309461,1.9808281208515188e-05,0.5123015873015874,0.08929164366372723,30,0.025,893377,2.7024797822196898,12
BLT,0.9,23,0.09999999999999999,0.1111111111111111,9,0.02942354017229651,0.6071428571428571,0.029530809015335772,0.00010849442443309461,1.9808281208515188e-05,0.5123015873015874,0.08929164366372723,30,0.025,388998,3.7219414140411877,12
BLT,0.9,24,0.09999999999999999,0.1111111111111111,9,0.029443624845904928,0.40476190476190477,0.029530809015335772,0.00010849442443309461,1.9808281208515188e-05,0.5123015873015874,0.08929164366372723,30,0.025,809742,0.8613111433479381,12
BLT,0.9,25,0.09999999999999999,0.1111111111111111,9,0.02955685539913955,0.5952380952380952,0.029530809015335772,0.00010849442443309461,1.9808281208515188e-05,0.5123015873015874,0.08929164366372723,30,0.025,432923,2.2613693607326972,12
BLT,0.9,26,0.09999999999999999,0.1111111111111111,9,0.029441661299306796,0.6071428571428571,0.029530809015335772,0.00010849442443309461,1.9808281208515188e-05,0.5123015873015874,0.08929164366372723,30,0.025,414913,0.4182747562710423,12
BLT,0.9,27,0.09999999999999999,0.1111111111111111,9,0.029635557938959722,0.39880952380952384,0.029530809015335772,0.00010849442443309461,1.9808281208515188e-05,0.5123015873015874,0.08929164366372723,30,0.025,290984,2.0033509690337596,12
BLT,0.9,28,0.09999999999999999,0.1111111111111111,9,0.02966902034194428,0.5952380952380952,0.029530809015335772,0.00010849442443309461,1.9808281208515188e-05,0.5123015873015874,0.08929164366372723,30,0.025,39294,5.5264400018950575,12
BLT,0.9,29,0.09999999999999999,0.1111111111111111,9,0.029610919239477063,0.4107142857142857,0.029530809015335772,0.00010849442443309461,1.9808281208515188e-05,0.5123015873015874,0.08929164366372723,30,0.025,863460,2.6699077742224517,12
BLT,1.0,0,0.1111111111111111,0.1111111111111111,9,0.030926612623752753,0.44047619047619047,0.030746186582545798,0.00011149891207156283,2.035682309296001e-05,0.4809523809523809,0.036203545302498925,30,0.025,222154,1.6152135085535073,12
BLT,1.0,1,0.1111111111111111,0.1111111111111111,9,0.030752263397378216,0.4880952380952381,0.030746186582545798,0.00011149891207156283,2.035682309296001e-05,0.4809523809523809,0.036203545302498925,30,0.025,615246,0.9684520336807957,12
BLT,1.0,2,0.1111111111111111,0.1111111111111111,9,0.030642278375820217,0.5238095238095238,0.030746186582545798,0.00011149891207156283,2.035682309296001e-05,0.4809523809523809,0.036203545302498925,30,0.025,903035,3.9001237386421788,12
BLT,1.0,3,0.1111111111111111,0.1111111111111111,9,0.030795213879476258,0.4523809523809524,0.030746186582545798,0.00011149891207156283,2.035682309296001e-05,0.4809523809523809,0.036203545302498925,30,0.025,938791,1.6517774218577357,12
BLT,1.0,4,0.1111111111111111,0.1111111111111111,9,0.030841276970207762,0.44047619047619047,0.030746186582545798,0.00011149891207156283,2.035682309296001e-05,0.4809523809523809,0.036203545302498925,30,0.025,285465,2.2537556970531556,12
BLT,1.0,5,0.1111111111111111,0.1111111111111111,9,0.03085378756107408,0.5059523809523809,0.030746186582545798,0.00011149891207156283,2.035682309296001e-05,0.4809523809523809,0.036203545302498925,30,0.025,1000298,5.289935884356528,12
BLT,1.0,6,0.1111111111111111,0.1111111111111111,9,0.030703908096445933,0.5535714285714286,0.030746186582545798,0.00011149891207156283,2.035682309296001e-05,0.4809523809523809,0.036203545302498925,30,0.025,12972,1.074664820675517,12
BLT,1.0,7,0.1111111111111111,0.1111111111111111,9,0.030626050259893896,0.48214285714285715,0.030746186582545798,0.00011149891207156283,2.035682309296001e-05,0.4809523809523809,0.036203545302498925,30,0.025,527712,0.060125955012439426,12
BLT,1.0,8,0.1111111111111111,0.1111111111111111,9,0.03091458125161404,0.4523809523809524,0.030746186582545798,0.00011149891207156283,2.035682309296001e-05,0.4809523809523809,0.036203545302498925,30,0.025,965399,4.757920244163637,12
BLT,1.0,9,0.1111111111111111,0.1111111111111111,9,0.030821634298584588,0.4642857142857143,0.030746186582545798,0.00011149891207156283,2.035682309296001e-05,0.4809523809523809,0.036203545302498925,30,0.025,892544,4.437201718054531,12
BLT,1.0,10,0.1111111111111111,0.1111111111111111,9,0.03057701218742356,0.47619047619047616,0.030746186582545798,0.00011149891207156283,2.035682309296001e-05,0.4809523809523809,0.036203545302498925,30,0.025,367761,0.07250540199824197,12
BLT,1.0,11,0.1111111111111111,0.1111111111111111,9,0.030569066521721405,0.4523809523809524,0.030746186582545798,0.00011149891207156283,2.035682309296001e-05,0.4809523809523809,0.036203545302498925,30,0.025,334070,0.14708106274675012,12
BLT,1.0,12,0.1111111111111111,0.1111111111111111,9,0.03084569743795323,0.44047619047619047,0.030746186582545798,0.00011149891207156283,2.035682309296001e-05,0.4809523809523809,0.036203545302498925,30,0.025,171902,1.5318652990671646,12
BLT,1.0,13,0.1111111111111111,0.1111111111111111,9,0.030628126775593668,0.5535714285714286,0.030746186582545798,0.00011149891207156283,2.035682309296001e-05,0.4809523809523809,0.036203545302498925,30,0.025,72810,3.1199687161288683,12
BLT,1.0,14,0.1111111111111111,0.1111111111111111,9,0.030696209524517848,0.5357142857142857,0.030746186582545798,0.00011149891207156283,2.035682309296001e-05,0.4809523809523809,0.036203545302498925,30,0.025,326536,4.126656764199915,12
BLT,1.0,15,0.1111111111111111,0.1111111111111111,9,0.030801501909139974,0.47023809523809523,0.030746186582545798,0.00011149891207156283,2.035682309296001e-05,0.4809523809523809,0.036203545302498925,30,0.025,29167,1.9992876240819657,12
BLT,1.0,16,0.1111111111111111,0.1111111111111111,9,0.03078776240244542,0.47023809523809523,0.030746186582545798,0.00011149891207156283,2.035682309296001e-05,0.4809523809523809,0.036203545302498925,30,0.025,446449,5.153512184461101,12
BLT,1.0,17,0.1111111111111111,0.1111111111111111,9,0.03084114093815534,0.4880952380952381,0.030746186582545798,0.00011149891207156283,2.035682309296001e-05,0.4809523809523809,0.036203545302498925,30,0.025,158545,1.8162314414486043,12
BLT,1.0,18,0.1111111111111111,0.1111111111111111,9,0.030627841008038358,0.44642857142857145,0.030746186582545798,0.00011149891207156283,2.035682309296001e-05,0.4809523809523809,0.036203545302498925,30,0.025,325546,2.9044337615146323,12
BLT,1.0,19,0.1111111111111111,0.1111111111111111,9,0.0309520116124543,0.44642857142857145,0.030746186582545798,0.00011149891207156283,2.035682309296001e-05,0.4809523809523809,0.036203545302498925,30,0.025,713541,1.5175261595407799,12
BLT,1.0,20,0.1111111111111111,0.1111111111111111,9,0.030758510730298783,0.44642857142857145,0.030746186582545798,0.00011149891207156283,2.035682309296001e-05,0.4809523809523809,0.036203545302498925,30,0.025,625541,5.706846832556992,12
BLT,1.0,21,0.1111111111111111,0.1111111111111111,9,0.030835357496941933,0.44642857142857145,0.030746186582545798,0.00011149891207156283,2.035682309296001e-05,0.4809523809523809,0.036203545302498925,30,0.025,845520,1.9484869226833166,12
BLT,1.0,22,0.1111111111111111,0.1111111111111111,9,0.03062631628412462,0.5178571428571429,0.030746186582545798,0.00011149891207156283,2.035682309296001e-05,0.4809523809523809,0.036203545302498925,30,0.025,893377,3.1914970945849648,12
BLT,1.0,23,0.1111111111111111,0.1111111111111111,9,0.030743657444414166,0.5,0.030746186582545798,0.00011149891207156283,2.035682309296001e-05,0.4809523809523809,0.036203545302498925,30,0.025,388998,5.623385409639291,12
BLT,1.0,24,0.1111111111111111,0.1111111111111111,9,0.0305210636404757,0.4642857142857143,0.030746186582545798,0.00011149891207156283,2.035682309296001e-05,0.4809523809523809,0.036203545302498925,30,0.025,809742,6.165559332003642,12
BLT,1.0,25,0.1111111111111111,0.1111111111111111,9,0.03079932407227251,0.44047619047619047,0.030746186582545798,0.00011149891207156283,2.035682309296001e-05,0.4809523809523809,0.036203545302498925,30,0.025,432923,4.720360254233937,12
BLT,1.0,26,0.1111111111111111,0.1111111111111111,9,0.030648564939209925,0.5119047619047619,0.030746186582545798,0.00011149891207156283,2.035682309296001e-05,0.4809523809523809,0.036203545302498925,30,0.025,414913,0.7194150849372334,12
BLT,1.0,27,0.1111111111111111,0.1111111111111111,9,0.030757203354731658,0.47619047619047616,0.030746186582545798,0.00011149891207156283,2.035682309296001e-05,0.4809523809523809,0.036203545302498925,30,0.025,290984,0.9673085387432208,12
BLT,1.0,28,0.1111111111111111,0.1111111111111111,9,0.03077504700518887,0.49404761904761907,0.030746186582545798,0.00011149891207156283,2.035682309296001e-05,0.4809523809523809,0.036203545302498925,30,0.025,39294,4.222508455330312,12
BLT,1.0,29,0.1111111111111111,0.1111111111111111,9,0.030716575477025054,0.5476190476190477,0.030746186582545798,0.00011149891207156283,2.035682309296001e-05,0.4809523809523809,0.036203545302498925,30,0.025,863460,3.16903155882004,12
