epoch,algorithm,Delta_env,Delta_d_ideal,Delta_d_learned,Delta_eff,bias,target_bias,target_band_low,target_band_high,tracking_error,T_X,T_Z,lifetime_score,reward,update_type,gate1_pass,gate2_pass,gate3_pass,cost_units,cumulative_cost_units,burn_in_flag,g2_real,g2_imag,eps_real,eps_imag,Delta_d_bound
0,baseline,-0.021295704457578165,0.021295704457578165,0.0,-0.021295704457578165,78.46031513730946,100.0,97.0,103.0,0.24257722868009057,0.2704221469974898,27.107617270085438,1.9920437348761955,0.01861876988250044,BASELINE_UPDATE,0,0,0,2.0,2.0,1,1.6472,0.5161,3.8076,-0.3302,0.075
1,baseline,-0.023608827139710988,0.023608827139710988,0.013755254977266589,-0.0098535721624444,89.53659056147954,100.0,97.0,103.0,0.11052281116760106,0.31329219212254017,31.37368799704662,2.285350577006802,2.343615693019838,BASELINE_UPDATE,0,0,0,2.0,4.0,1,1.6472,0.5161,3.8076,-0.3302,0.075
2,baseline,-0.02570611293717922,0.02570611293717922,0.021925283740438846,-0.0037808291967403734,96.07700804163761,100.0,97.0,103.0,0.04002014898393788,0.3238560489756262,32.236232953319096,2.345634911729552,2.8646990071339475,BASELINE_UPDATE,0,0,0,2.0,6.0,1,1.6472,0.5161,3.8076,-0.3302,0.075
3,baseline,-0.02756646069659394,0.02756646069659394,0.025859438918753638,-0.0017070217778403021,97.73219114240327,100.0,97.0,103.0,0.02293919152233084,0.3244212200213857,32.42268636358523,2.353145828438083,2.91922461853129,BASELINE_UPDATE,0,0,0,2.0,8.0,1,1.6472,0.5161,3.8076,-0.3302,0.075
4,baseline,-0.029171157118314688,0.029171157118314688,0.025805890493183724,-0.003365266625130963,96.32403339402352,100.0,97.0,103.0,0.03745233036635946,0.3249997270345702,32.317776965831634,2.3516865127431386,2.8804000891020127,BASELINE_UPDATE,0,0,0,2.0,10.0,1,1.6472,0.5161,3.8076,-0.3302,0.075
5,baseline,-0.030504069607813607,0.030504069607813607,0.026515646457748798,-0.003988423150064809,95.66449167915579,100.0,97.0,103.0,0.04432299421611474,0.32379006169415264,32.30018454229347,2.347413012656746,2.851387970874587,BASELINE_UPDATE,0,0,0,2.0,12.0,1,1.6472,0.5161,3.8076,-0.3302,0.075
6,baseline,-0.0315518129748399,0.0315518129748399,0.02886057807895705,-0.0026912348958828512,96.73179492491334,100.0,97.0,103.0,0.033228037934437814,0.3245751028346468,32.43906929344666,2.3541252108373456,2.8961509390631113,BASELINE_UPDATE,0,0,0,2.0,14.0,1,1.6472,0.5161,3.8076,-0.3302,0.075
7,baseline,-0.03230388824093528,0.03230388824093528,0.0321746406290077,-0.000129247611927584,100.23033241684756,100.0,97.0,103.0,0.002300675583616349,0.3255630398205905,32.36630975023321,2.3549188939226355,2.9431699144572994,BASELINE_UPDATE,0,0,0,2.0,16.0,1,1.6472,0.5161,3.8076,-0.3302,0.075
8,baseline,-0.03275279209898695,0.03275279209898695,0.030992127408235374,-0.0017606646907515795,97.80879770610184,100.0,97.0,103.0,0.022155656898015706,0.3249081645717063,32.39179740461075,2.3536925170902947,2.9212723145723154,BASELINE_UPDATE,0,0,0,2.0,18.0,1,1.6472,0.5161,3.8076,-0.3302,0.075
9,baseline,-0.03289409586709315,0.03289409586709315,0.0333210030492117,0.0004269071821185466,100.53222819396201,100.0,97.0,103.0,0.005308168651549226,0.32525543783155464,32.559663180951986,2.35992975371488,2.948551126378329,BASELINE_UPDATE,0,0,0,2.0,20.0,1,1.6472,0.5161,3.8076,-0.3302,0.075
10,baseline,-0.03272649309001878,0.03272649309001878,0.03364530540766472,0.0009188123176459423,100.66141142794969,100.0,97.0,103.0,0.006592336997857962,0.3268503632819466,32.610229489427425,2.366373209710539,2.955960116988098,BASELINE_UPDATE,0,0,0,2.0,22.0,1,1.6472,0.5161,3.8076,-0.3302,0.075
11,baseline,-0.03225181526176022,0.03225181526176022,0.034882792879783034,0.002630977618022813,102.75413971984626,100.0,97.0,103.0,0.02716895582090866,0.32250179860261785,32.29440807803137,2.343247525022198,2.892928470641733,BASELINE_UPDATE,0,0,0,2.0,24.0,1,1.6472,0.5161,3.8076,-0.3302,0.075
12,baseline,-0.031475015468941867,0.031475015468941867,0.03258168092713715,0.00110666545819528,101.4499933387877,100.0,97.0,103.0,0.014395814623678012,0.32552776454198845,32.60533301679771,2.362168341626562,2.943836518379546,BASELINE_UPDATE,0,0,0,2.0,26.0,1,1.6472,0.5161,3.8076,-0.3302,0.075
13,baseline,-0.03040412008358605,0.03040412008358605,0.03370562114519771,0.003301501061611662,103.84937846946936,100.0,97.0,103.0,0.03777137942896931,0.323739405409088,32.33694180468966,2.3483938947061223,2.873614145431762,BASELINE_UPDATE,0,0,0,2.0,28.0,1,1.6472,0.5161,3.8076,-0.3302,0.075
14,baseline,-0.029050148961853112,0.029050148961853112,0.03156417845779618,0.002514029495943069,102.51596432798668,100.0,97.0,103.0,0.02484835000400445,0.32449163523140295,32.44960812662627,2.3541928462787967,2.9166491493579176,BASELINE_UPDATE,0,0,0,2.0,30.0,0,1.6472,0.5161,3.8076,-0.3302,0.075
15,baseline,-0.027427004929257412,0.027427004929257412,0.02964233910370684,0.0022153341744494265,102.26639312046863,100.0,97.0,103.0,0.022410920000877792,0.32464346030061764,32.54754340776696,2.3576741503870595,2.9258576289790166,BASELINE_UPDATE,0,0,0,2.0,32.0,0,1.6472,0.5161,3.8076,-0.3302,0.075
16,baseline,-0.025551333649285544,0.025551333649285544,0.028323878702003456,0.002772545052717911,103.18105104289631,100.0,97.0,103.0,0.0313150362748472,0.3234463823359296,32.38656147355154,2.349021646252093,2.8942740010827666,BASELINE_UPDATE,0,0,0,2.0,34.0,0,1.6472,0.5161,3.8076,-0.3302,0.075
17,baseline,-0.023442355277997998,0.023442355277997998,0.026211476994500105,0.002769121716502107,103.03051234827991,100.0,97.0,103.0,0.029854994763275397,0.3234092918024497,32.439057736806845,2.3505265818451466,2.900612594020135,BASELINE_UPDATE,0,0,0,2.0,36.0,0,1.6472,0.5161,3.8076,-0.3302,0.075
18,baseline,-0.02112166959891581,0.02112166959891581,0.02570690553665591,0.004585235937740101,104.95526208180837,100.0,97.0,103.0,0.048363997962163494,0.32322226883417005,32.20600330737226,2.3427378196771427,2.8291335178463726,BASELINE_UPDATE,0,0,0,2.0,38.0,0,1.6472,0.5161,3.8076,-0.3302,0.075
19,baseline,-0.018613036607245247,0.018613036607245247,0.022778625670491104,0.004165589063245857,104.15117305853872,100.0,97.0,103.0,0.040673244819538594,0.32063707667270097,32.3443011694666,2.33899244601215,2.85301564385519,BASELINE_UPDATE,0,0,0,2.0,40.0,0,1.6472,0.5161,3.8076,-0.3302,0.075
20,baseline,-0.015942134767412082,0.015942134767412082,0.019242604413467375,0.003300469646055293,103.92205284859055,100.0,97.0,103.0,0.038470940303378075,0.32349443156236485,32.386660466553394,2.349173245736876,2.8742467563104617,BASELINE_UPDATE,0,0,0,2.0,42.0,0,1.6472,0.5161,3.8076,-0.3302,0.075
21,baseline,-0.013136299400297369,0.013136299400297369,0.018129967354832906,0.004993667954535538,105.66447671160945,100.0,97.0,103.0,0.05509857387958676,0.3189584829350198,32.049393822866875,2.324583937498383,2.7726097310575097,BASELINE_UPDATE,0,0,0,2.0,44.0,0,1.6472,0.5161,3.8076,-0.3302,0.075
22,baseline,-0.010224243864050103,0.010224243864050103,0.0161203110193241,0.005896067155273996,107.28676710568095,100.0,97.0,103.0,0.0703351299079556,0.32019903760919416,32.00856415323526,2.327191012765053,2.7011426558547535,BASELINE_UPDATE,0,0,0,2.0,46.0,0,1.6472,0.5161,3.8076,-0.3302,0.075
23,baseline,-0.007235766372714348,0.007235766372714348,0.01085448513094102,0.0036187187582266724,104.22213751271198,100.0,97.0,103.0,0.04135437290376687,0.32170662310660575,32.2380685400348,2.339032749922155,2.8519443515800202,BASELINE_UPDATE,0,0,0,2.0,48.0,0,1.6472,0.5161,3.8076,-0.3302,0.075
24,baseline,-0.004201445448239414,0.004201445448239414,0.008238210207570509,0.0040367647593310945,104.59100679303373,100.0,97.0,103.0,0.04488738482443802,0.3225168246370429,32.38420969882594,2.3460709743378425,2.8479530117372733,BASELINE_UPDATE,0,0,0,2.0,50.0,0,1.6472,0.5161,3.8076,-0.3302,0.075
25,baseline,-0.00115232712212986,0.00115232712212986,0.004345141563454684,0.0031928144413248243,103.28134706720901,100.0,97.0,103.0,0.03228660333132091,0.32321007974904314,32.380460202504935,2.3481023952235147,2.8913428921673976,BASELINE_UPDATE,0,0,0,2.0,52.0,0,1.6472,0.5161,3.8076,-0.3302,0.075
26,baseline,0.0018803929082614147,-0.0018803929082614147,0.0018549061445612487,0.0037352990528226634,104.73522970461822,100.0,97.0,103.0,0.046265357665478325,0.32255302595621416,32.37920358662312,2.346028617412209,2.842560354916049,BASELINE_UPDATE,0,0,0,2.0,54.0,0,1.6472,0.5161,3.8076,-0.3302,0.075
27,baseline,0.004865688907958972,-0.004865688907958972,-0.001469127430973433,0.003396561476985539,103.90693335909265,100.0,97.0,103.0,0.03832544096952221,0.3230085153507236,32.326501665166525,2.345810786012427,2.870524117338293,BASELINE_UPDATE,0,0,0,2.0,56.0,0,1.6472,0.5161,3.8076,-0.3302,0.075
28,baseline,0.007773023233979746,-0.007773023233979746,-0.00223147144430638,0.005541551789673365,106.2414790019106,100.0,97.0,103.0,0.060544420971356434,0.3221901023080784,32.056712464913645,2.3348930709159585,2.7632790884254774,BASELINE_UPDATE,0,0,0,2.0,58.0,0,1.6472,0.5161,3.8076,-0.3302,0.075
29,baseline,0.010572659694743393,-0.010572659694743393,-0.005922636216846431,0.004650023477896962,105.5723787074838,100.0,97.0,103.0,0.05422658579986837,0.320023880961052,32.09631005305341,2.329381413940644,2.7874000205915435,BASELINE_UPDATE,0,0,0,2.0,60.0,0,1.6472,0.5161,3.8076,-0.3302,0.075
30,baseline,0.013235968912984637,-0.013235968912984637,-0.009146695709104303,0.004089273203880334,104.75020939612098,100.0,97.0,103.0,0.04640837182047263,0.3231308300257529,32.26653115957096,2.344332514756211,2.839945304567337,BASELINE_UPDATE,0,0,0,2.0,62.0,0,1.6472,0.5161,3.8076,-0.3302,0.075
31,baseline,0.015735722544520384,-0.015735722544520384,-0.013367581406280814,0.00236814113823957,102.86159557875875,100.0,97.0,103.0,0.02821416637873968,0.3245377156265341,32.340294316076836,2.3509604320906305,2.905238303609281,BASELINE_UPDATE,0,0,0,2.0,64.0,0,1.6472,0.5161,3.8076,-0.3302,0.075
32,baseline,0.018046373316461917,-0.018046373316461917,-0.015259102062723405,0.002787271253738512,103.59530941132813,100.0,97.0,103.0,0.035321866859873256,0.3239790297308127,32.30834488435028,2.3482490640757208,2.882802416070462,BASELINE_UPDATE,0,0,0,2.0,66.0,0,1.6472,0.5161,3.8076,-0.3302,0.075
33,baseline,0.020144317991181326,-0.020144317991181326,-0.01776781420289113,0.0023765037882901956,102.560701413019,100.0,97.0,103.0,0.025284646211379675,0.32444901918935165,32.50637848309493,2.355809470183039,2.9178601664638966,BASELINE_UPDATE,0,0,0,2.0,68.0,0,1.6472,0.5161,3.8076,-0.3302,0.075
34,baseline,0.022008140535124295,-0.022008140535124295,-0.020322035465096516,0.001686105070027779,101.70732684707025,100.0,97.0,103.0,0.016929158198735923,0.3253996125044178,32.5277263844916,2.359391570132516,2.937136336358225,BASELINE_UPDATE,0,0,0,2.0,70.0,0,1.6472,0.5161,3.8076,-0.3302,0.075
35,baseline,0.023618832972653787,-0.023618832972653787,-0.02014840049956796,0.0034704324730858264,103.52347919867036,100.0,97.0,103.0,0.03462825315133788,0.32251079398864907,32.43429273329692,2.3475976071893783,2.8824888840622873,BASELINE_UPDATE,0,0,0,2.0,72.0,0,1.6472,0.5161,3.8076,-0.3302,0.075
36,baseline,0.024959991632482432,-0.024959991632482432,-0.022887081664118174,0.002072909968364258,102.39597722986842,100.0,97.0,103.0,0.023677240981079307,0.3243101918312649,32.38722939092788,2.3517093515053666,2.9159692311300662,BASELINE_UPDATE,0,0,0,2.0,74.0,0,1.6472,0.5161,3.8076,-0.3302,0.075
37,baseline,0.0260179867455805,-0.0260179867455805,-0.022954989373686518,0.0030629973718939822,103.43551183864564,100.0,97.0,103.0,0.033778158503298086,0.32323869338019257,32.37196123383591,2.3479284142272117,2.8867045804245235,BASELINE_UPDATE,0,0,0,2.0,76.0,0,1.6472,0.5161,3.8076,-0.3302,0.075
38,baseline,0.026782103626171252,-0.026782103626171252,-0.024442130501006697,0.0023399731251645545,102.20407546949343,100.0,97.0,103.0,0.021801368378734323,0.32347969998562676,32.32860056029926,2.3473333864840096,2.914076222754375,BASELINE_UPDATE,0,0,0,2.0,78.0,0,1.6472,0.5161,3.8076,-0.3302,0.075
39,baseline,0.027244653958745924,-0.027244653958745924,-0.02785611960007346,-0.0006114656413275348,99.57542769334455,100.0,97.0,103.0,0.004254761741613225,0.3261609344093088,32.59185014185789,2.3636979058749144,2.9537379023057033,BASELINE_UPDATE,0,0,0,2.0,80.0,0,1.6472,0.5161,3.8076,-0.3302,0.075
40,baseline,0.027401056020959633,-0.027401056020959633,-0.029866193094199245,-0.0024651370732396115,97.41436920262724,100.0,97.0,103.0,0.026196458473037042,0.3248687166237541,32.36804664945961,2.352837594534214,2.910943293265829,BASELINE_UPDATE,0,0,0,2.0,82.0,0,1.6472,0.5161,3.8076,-0.3302,0.075
41,baseline,0.02724988299164591,-0.02724988299164591,-0.027950914403658628,-0.0007010314120127169,98.94886107461167,100.0,97.0,103.0,0.010567024115797151,0.3240745265484362,32.422848421691796,2.352081603034057,2.9351793621176725,BASELINE_UPDATE,0,0,0,2.0,84.0,0,1.6472,0.5161,3.8076,-0.3302,0.075
42,baseline,0.026792878821720774,-0.026792878821720774,-0.02793010747258101,-0.0011372286508602378,98.50113905221556,100.0,97.0,103.0,0.015102073895026652,0.3256687692180397,32.39192531294751,2.3560347135191053,2.9353231377062223,BASELINE_UPDATE,0,0,0,2.0,86.0,0,1.6472,0.5161,3.8076,-0.3302,0.075
43,baseline,0.026034941480044264,-0.026034941480044264,-0.027632596212301012,-0.0015976547322567487,98.09432856564483,100.0,97.0,103.0,0.01924063387449265,0.3265482443144251,32.38875932103863,2.35863384895096,2.932621485896173,BASELINE_UPDATE,0,0,0,2.0,88.0,0,1.6472,0.5161,3.8076,-0.3302,0.075
44,baseline,0.02498407372291128,-0.02498407372291128,-0.026136835680024836,-0.0011527619571135572,99.1934062289771,100.0,97.0,103.0,0.00809864337241377,0.32389611256794565,32.41123531955619,2.3511726769816073,2.9349048117684697,BASELINE_UPDATE,0,0,0,2.0,90.0,0,1.6472,0.5161,3.8076,-0.3302,0.075
45,baseline,0.02365130187126828,-0.02365130187126828,-0.02588771255840532,-0.0022364106871370394,97.23509931546526,100.0,97.0,103.0,0.028038435635508157,0.32544562340952016,32.39047906484949,2.3553046367246173,2.9109977186386744,BASELINE_UPDATE,0,0,0,2.0,92.0,0,1.6472,0.5161,3.8076,-0.3302,0.075
46,baseline,0.022050563410518715,-0.022050563410518715,-0.023315576409298894,-0.0012650129987801795,98.74774843936939,100.0,97.0,103.0,0.012601583080778958,0.3248577034873397,32.554653341269166,2.358552290276131,2.9413749398952187,BASELINE_UPDATE,0,0,0,2.0,94.0,0,1.6472,0.5161,3.8076,-0.3302,0.075
47,baseline,0.020198564550454063,-0.020198564550454063,-0.022665732822102033,-0.0024671682716479702,97.57280254283098,100.0,97.0,103.0,0.02457139387363944,0.32323473516121703,32.354120895460774,2.3473649120893305,2.907627553038302,BASELINE_UPDATE,0,0,0,2.0,96.0,0,1.6472,0.5161,3.8076,-0.3302,0.075
48,baseline,0.01811460919407207,-0.01811460919407207,-0.02008222821053573,-0.001967619016463657,97.33737040008063,100.0,97.0,103.0,0.026987196534897288,0.32496363476214024,32.41132989943623,2.354466053973339,2.9124290714981367,BASELINE_UPDATE,0,0,0,2.0,98.0,0,1.6472,0.5161,3.8076,-0.3302,0.075
49,baseline,0.01582040106057872,-0.01582040106057872,-0.018888973255925708,-0.003068572195346987,96.49793252897,100.0,97.0,103.0,0.03564860244291959,0.324949276687053,32.24644911702252,2.3493217517162615,2.882752306017195,BASELINE_UPDATE,0,0,0,2.0,100.0,0,1.6472,0.5161,3.8076,-0.3302,0.075
50,baseline,0.013339820986623039,-0.013339820986623039,-0.016060875864606375,-0.002721054877983336,97.15695933583082,100.0,97.0,103.0,0.028842377775791347,0.32380101559528174,32.39035405228781,2.350234562782904,2.902587296766554,BASELINE_UPDATE,0,0,0,2.0,102.0,0,1.6472,0.5161,3.8076,-0.3302,0.075
51,baseline,0.010698681687872883,-0.010698681687872883,-0.01351230736774537,-0.0028136256798724866,96.79689249065702,100.0,97.0,103.0,0.03255529459009782,0.3228559052166193,32.41353057684006,2.3480267768413112,2.890336877344342,BASELINE_UPDATE,0,0,0,2.0,104.0,0,1.6472,0.5161,3.8076,-0.3302,0.075
52,baseline,0.007924462497705322,-0.007924462497705322,-0.01233542964072748,-0.004410967143022158,95.13952089710412,100.0,97.0,103.0,0.04982573076388243,0.32270058496712684,32.29727863242653,2.3439526066146072,2.8254105294632375,BASELINE_UPDATE,0,0,0,2.0,106.0,0,1.6472,0.5161,3.8076,-0.3302,0.075
53,baseline,0.005046026808596359,-0.005046026808596359,-0.00778814359115891,-0.0027421167825625514,97.10161617799864,100.0,97.0,103.0,0.029412166359724847,0.324228332360904,32.462440039353,2.3537764480268564,2.9058776829458455,BASELINE_UPDATE,0,0,0,2.0,108.0,0,1.6472,0.5161,3.8076,-0.3302,0.075
54,baseline,0.0020933251225592918,-0.0020933251225592918,-0.005423911841473436,-0.0033305867189141443,95.98102014501364,100.0,97.0,103.0,0.041019720889599966,0.32320834871650106,32.248255668105706,2.3440058327243025,2.8583651628161855,BASELINE_UPDATE,0,0,0,2.0,110.0,0,1.6472,0.5161,3.8076,-0.3302,0.075
55,baseline,-0.0009029132322053862,0.0009029132322053862,-0.0022794673440003433,-0.0031823805762057292,96.85409348949617,100.0,97.0,103.0,0.03196453074540855,0.32410332530372066,32.27784489391466,2.3476881695122427,2.8916966690523687,BASELINE_UPDATE,0,0,0,2.0,112.0,0,1.6472,0.5161,3.8076,-0.3302,0.075
56,baseline,-0.0039114965420198235,0.0039114965420198235,0.0005586605541625352,-0.0033528359878572883,96.13204526214555,100.0,97.0,103.0,0.03944746813393511,0.3238825262881095,32.24949575615481,2.346128005531274,2.8672813848916117,BASELINE_UPDATE,0,0,0,2.0,114.0,0,1.6472,0.5161,3.8076,-0.3302,0.075
57,baseline,-0.006901092042916655,0.006901092042916655,0.0015968459713041603,-0.005304246071612494,93.96463428701041,100.0,97.0,103.0,0.062251705499973914,0.3215898675686654,32.070914650868026,2.3334712852595034,2.752613772653416,BASELINE_UPDATE,0,0,0,2.0,116.0,0,1.6472,0.5161,3.8076,-0.3302,0.075
58,baseline,-0.009840548834714108,0.009840548834714108,0.0053845123359250995,-0.004456036498789008,94.88137669306572,100.0,97.0,103.0,0.05254274100977612,0.3230041182581668,32.18268757903156,2.341338449322671,2.8107173581991862,BASELINE_UPDATE,0,0,0,2.0,118.0,0,1.6472,0.5161,3.8076,-0.3302,0.075
59,baseline,-0.012699219039998103,0.012699219039998103,0.009797079574109791,-0.002902139465888312,97.09385440555842,100.0,97.0,103.0,0.02949210408866391,0.32384928815777664,32.392692567725774,2.350455827910454,2.9015234910949426,BASELINE_UPDATE,0,0,0,2.0,120.0,0,1.6472,0.5161,3.8076,-0.3302,0.075
60,baseline,-0.015447273890181737,0.015447273890181737,0.012093348905126398,-0.003353924985055339,96.47451883078115,100.0,97.0,103.0,0.03589126607846714,0.3234547421315495,32.43500324081205,2.350542111078676,2.8840238045715436,BASELINE_UPDATE,0,0,0,2.0,122.0,0,1.6472,0.5161,3.8076,-0.3302,0.075
61,baseline,-0.0180560114713663,0.0180560114713663,0.013747172863840824,-0.004308838607525477,94.88827994249297,100.0,97.0,103.0,0.052469987024205605,0.3229679277314981,32.240789978929016,2.3430301647682774,2.812437207281868,BASELINE_UPDATE,0,0,0,2.0,124.0,0,1.6472,0.5161,3.8076,-0.3302,0.075
62,baseline,-0.020498152947186803,0.020498152947186803,0.01751145106665539,-0.002986701880531413,96.90019884516552,100.0,97.0,103.0,0.03148861502778467,0.3240681982703116,32.38596320919912,2.3509237977904345,2.8969613022836325,BASELINE_UPDATE,0,0,0,2.0,126.0,0,1.6472,0.5161,3.8076,-0.3302,0.075
63,baseline,-0.022748124193338187,0.022748124193338187,0.019700943833605055,-0.003047180359733132,96.53185217814348,100.0,97.0,103.0,0.0352971577208102,0.3229340908863494,32.30604145623677,2.344947225162632,2.8784634648788336,BASELINE_UPDATE,0,0,0,2.0,128.0,0,1.6472,0.5161,3.8076,-0.3302,0.075
64,baseline,-0.02478231992784946,0.02478231992784946,0.021716751065396177,-0.0030655688624532836,96.12543510626924,100.0,97.0,103.0,0.03951623170938867,0.3235520143409098,32.29154432843,2.3464100187094874,2.8673490704439586,BASELINE_UPDATE,0,0,0,2.0,130.0,0,1.6472,0.5161,3.8076,-0.3302,0.075
65,baseline,-0.026579347600874798,0.026579347600874798,0.023922101947264605,-0.002657245653610193,96.91245262083788,100.0,97.0,103.0,0.031362165329109105,0.32424149931904783,32.383660405574446,2.3513873145519626,2.897831993082625,BASELINE_UPDATE,0,0,0,2.0,132.0,0,1.6472,0.5161,3.8076,-0.3302,0.075
66,baseline,-0.02812024851595607,0.02812024851595607,0.02708743836199134,-0.0010328101539647284,98.78405719717523,100.0,97.0,103.0,0.012233958655965311,0.3247055492579395,32.4858110638613,2.3559669017515237,2.938555101234056,BASELINE_UPDATE,0,0,0,2.0,134.0,0,1.6472,0.5161,3.8076,-0.3302,0.075
67,baseline,-0.029388693889235894,0.029388693889235894,0.026286494097418935,-0.003102199791816959,96.37345552547923,100.0,97.0,103.0,0.03693937990897157,0.32504186495395593,32.40972401504541,2.354657211985834,2.885802236296305,BASELINE_UPDATE,0,0,0,2.0,136.0,0,1.6472,0.5161,3.8076,-0.3302,0.075
68,baseline,-0.030371153811543677,0.030371153811543677,0.028187439095000284,-0.002183714716543394,97.88432374359311,100.0,97.0,103.0,0.021383774466158568,0.3243230362337761,32.41277157580313,2.352537295089742,2.9212511018228207,BASELINE_UPDATE,0,0,0,2.0,138.0,0,1.6472,0.5161,3.8076,-0.3302,0.075
69,baseline,-0.031057037357967852,0.031057037357967852,0.029182538147574405,-0.0018744992103934474,97.52040972514841,100.0,97.0,103.0,0.025108499376522177,0.32538258399489084,32.43462986517898,2.356473067548464,2.918976732030828,BASELINE_UPDATE,0,0,0,2.0,140.0,0,1.6472,0.5161,3.8076,-0.3302,0.075
70,baseline,-0.03143880238757104,0.03143880238757104,0.030506663972085755,-0.0009321384154852841,98.89601397889622,100.0,97.0,103.0,0.011101251721723568,0.3244095390161797,32.30356728829384,2.3494291144245025,2.9310049458748244,BASELINE_UPDATE,0,0,0,2.0,142.0,0,1.6472,0.5161,3.8076,-0.3302,0.075
71,baseline,-0.031512033889211394,0.031512033889211394,0.0313605445414785,-0.00015148934773289574,100.37930132568937,100.0,97.0,103.0,0.003785837920484177,0.32580705511735936,32.47594240348509,2.3590496531892615,2.9480527411980195,BASELINE_UPDATE,0,0,0,2.0,144.0,0,1.6472,0.5161,3.8076,-0.3302,0.075
72,baseline,-0.03127549005475482,0.03127549005475482,0.03032050644776171,-0.0009549836069931116,98.96010761753496,100.0,97.0,103.0,0.01045337041925465,0.32522166615157927,32.47614195722024,2.3572574466876164,2.941777037827381,BASELINE_UPDATE,0,0,0,2.0,146.0,0,1.6472,0.5161,3.8076,-0.3302,0.075
73,baseline,-0.030731115594921792,0.030731115594921792,0.03157300151049381,0.0008418859155720181,100.69115631349695,100.0,97.0,103.0,0.0068877877695791645,0.32574198933575826,32.50536040994447,2.359755356698167,2.9475421511097393,BASELINE_UPDATE,0,0,0,2.0,148.0,0,1.6472,0.5161,3.8076,-0.3302,0.075
74,baseline,-0.029884022152140234,0.029884022152140234,0.030804249132816267,0.0009202269806760331,100.94697474343302,100.0,97.0,103.0,0.00942519045081319,0.3251347688569234,32.553124792821336,2.3593578546266145,2.945251791537101,BASELINE_UPDATE,0,0,0,2.0,150.0,0,1.6472,0.5161,3.8076,-0.3302,0.075
75,baseline,-0.028742436005547375,0.028742436005547375,0.03028089317868723,0.0015384571731398566,101.85813928275502,100.0,97.0,103.0,0.01841086790268472,0.3265865289555317,32.34006476951114,2.3572465113095022,2.931398965312784,BASELINE_UPDATE,0,0,0,2.0,152.0,0,1.6472,0.5161,3.8076,-0.3302,0.075
76,baseline,-0.027317613602155382,0.027317613602155382,0.027243814057866397,-7.37995442889848e-05,99.94101460299697,100.0,97.0,103.0,0.0005900280023224115,0.3242169319718026,32.50894112212626,2.355172718838557,2.9428779996400225,BASELINE_UPDATE,0,0,0,2.0,154.0,0,1.6472,0.5161,3.8076,-0.3302,0.075
77,baseline,-0.02562372578164116,0.02562372578164116,0.025276431919833715,-0.00034729386180744684,99.65164595930514,100.0,97.0,103.0,0.0034896220617331164,0.32606525094579736,32.587801471562,2.3632802689893997,2.9534866591454367,BASELINE_UPDATE,0,0,0,2.0,156.0,0,1.6472,0.5161,3.8076,-0.3302,0.075
78,baseline,-0.023677711886770477,0.023677711886770477,0.02406834944296867,0.0003906375561981944,100.35315020388012,100.0,97.0,103.0,0.0035252809277514226,0.32568421018083027,32.64750803022015,2.3639414815633586,2.954287596705271,BASELINE_UPDATE,0,0,0,2.0,158.0,0,1.6472,0.5161,3.8076,-0.3302,0.075
79,baseline,-0.021499105263738695,0.021499105263738695,0.02273225582245538,0.0012331505587166863,101.15166250063746,100.0,97.0,103.0,0.011450813483054871,0.32566096708448145,32.45396241103623,2.3579241268573283,2.9411789132611843,BASELINE_UPDATE,0,0,0,2.0,160.0,0,1.6472,0.5161,3.8076,-0.3302,0.075
80,baseline,-0.019109831953453484,0.019109831953453484,0.020903752338030067,0.0017939203845765833,102.26590017756567,100.0,97.0,103.0,0.02240609980456536,0.32314901517862066,32.40692332116095,2.348730367878061,2.9136405212205934,BASELINE_UPDATE,0,0,0,2.0,162.0,0,1.6472,0.5161,3.8076,-0.3302,0.075
81,baseline,-0.016533984652905953,0.016533984652905953,0.02043567191113215,0.0039016872582261983,104.24366074069094,100.0,97.0,103.0,0.04156086459915051,0.32348653400417793,32.21283672182599,2.3437672372048697,2.856445873768993,BASELINE_UPDATE,0,0,0,2.0,164.0,0,1.6472,0.5161,3.8076,-0.3302,0.075
82,baseline,-0.013797574282376013,0.013797574282376013,0.018993128220531574,0.0051955539381555605,106.04668816792946,100.0,97.0,103.0,0.05870926556683237,0.32260537864331057,32.14322923015849,2.3388763884953576,2.7785549460970476,BASELINE_UPDATE,0,0,0,2.0,166.0,0,1.6472,0.5161,3.8076,-0.3302,0.075
83,baseline,-0.01092826172661978,0.01092826172661978,0.015426277274064147,0.004498015547444367,105.07685585394555,100.0,97.0,103.0,0.049521856930750466,0.3230441239283711,32.18866302397897,2.3416479520550677,2.824020463681421,BASELINE_UPDATE,0,0,0,2.0,168.0,0,1.6472,0.5161,3.8076,-0.3302,0.075
84,baseline,-0.007955072523966579,0.007955072523966579,0.012306435884589751,0.004351363360623172,105.44340540172652,100.0,97.0,103.0,0.05300418130191259,0.3230018791527362,32.32336258132677,2.3456931305388298,2.8140952576860174,BASELINE_UPDATE,0,0,0,2.0,170.0,0,1.6472,0.5161,3.8076,-0.3302,0.075
85,baseline,-0.004908097454266959,0.004908097454266959,0.008654495668257418,0.0037463982139904588,104.45221318520233,100.0,97.0,103.0,0.04355949073401552,0.32208999120636145,32.206415884958524,2.3392413871005093,2.8439673741076033,BASELINE_UPDATE,0,0,0,2.0,172.0,0,1.6472,0.5161,3.8076,-0.3302,0.075
86,baseline,-0.001818182123025674,0.001818182123025674,0.0050206827100434245,0.0032025005870177504,103.96825429721983,100.0,97.0,103.0,0.038915419413772676,0.32367522478117317,32.29889633464503,2.3470184018667886,2.8701637547104126,BASELINE_UPDATE,0,0,0,2.0,174.0,0,1.6472,0.5161,3.8076,-0.3302,0.075
87,baseline,0.0012833912466924918,-0.0012833912466924918,0.0021885441947247846,0.0034719354414172766,104.02769677175567,100.0,97.0,103.0,0.03948699281074167,0.3242527446388574,32.219913548550444,2.34635270333903,2.867344862649337,BASELINE_UPDATE,0,0,0,2.0,176.0,0,1.6472,0.5161,3.8076,-0.3302,0.075
88,baseline,0.004365226522086809,-0.004365226522086809,0.00112427611744616,0.005489502639532969,106.51704334029041,100.0,97.0,103.0,0.06313481772196491,0.32032658043343126,32.09123675567646,2.3301687548444985,2.742338948479676,BASELINE_UPDATE,0,0,0,2.0,178.0,0,1.6472,0.5161,3.8076,-0.3302,0.075
89,baseline,0.007396137528947295,-0.007396137528947295,-0.0017875643290090441,0.005608573199938251,106.3343637693414,100.0,97.0,103.0,0.06141831870245527,0.32082160764383394,32.02161210061444,2.3295410032189228,2.753408016180648,BASELINE_UPDATE,0,0,0,2.0,180.0,0,1.6472,0.5161,3.8076,-0.3302,0.075
90,baseline,0.01034546972920203,-0.01034546972920203,-0.0071117990331443295,0.0032336706960577003,104.26740667506904,100.0,97.0,103.0,0.041788631257055675,0.32365069282224684,32.39005250835085,2.3497609009701774,2.8638488662848407,BASELINE_UPDATE,0,0,0,2.0,182.0,0,1.6472,0.5161,3.8076,-0.3302,0.075
91,baseline,0.013183416379151191,-0.013183416379151191,-0.009419682664843696,0.003763733714307495,104.59631006030095,100.0,97.0,103.0,0.04493808835033175,0.32376265739363946,32.24212172554696,2.3455291552827147,2.846703927996569,BASELINE_UPDATE,0,0,0,2.0,184.0,0,1.6472,0.5161,3.8076,-0.3302,0.075
92,baseline,0.015881325897162783,-0.015881325897162783,-0.01213723397357001,0.003744091923592773,104.24297825300334,100.0,97.0,103.0,0.04155431753511914,0.32364727680192507,32.27849922238391,2.3463003417821673,2.8603255955333524,BASELINE_UPDATE,0,0,0,2.0,186.0,0,1.6472,0.5161,3.8076,-0.3302,0.075
93,baseline,0.01841199726088927,-0.01841199726088927,-0.014228922237740964,0.0041830750231483076,104.79351067892253,100.0,97.0,103.0,0.04682166297901838,0.3236787992985091,32.073163195384275,2.3400160278326028,2.8321793083291036,BASELINE_UPDATE,0,0,0,2.0,188.0,0,1.6472,0.5161,3.8076,-0.3302,0.075
94,baseline,0.020749960378360775,-0.020749960378360775,-0.016823325408567825,0.003926634969792949,104.52507586887742,100.0,97.0,103.0,0.04425681709859275,0.3233881582850241,32.308614064821576,2.3464319351661795,2.8507161429034946,BASELINE_UPDATE,0,0,0,2.0,190.0,0,1.6472,0.5161,3.8076,-0.3302,0.075
95,baseline,0.022871738533336766,-0.022871738533336766,-0.020244607694383396,0.0026271308389533704,103.11435517236136,100.0,97.0,103.0,0.03066843076789611,0.32429637938445005,32.348440415489044,2.3504683799295223,2.8985166887272507,BASELINE_UPDATE,0,0,0,2.0,192.0,0,1.6472,0.5161,3.8076,-0.3302,0.075
96,baseline,0.0247560901914158,-0.0247560901914158,-0.023602940115441604,0.0011531500759741978,101.41975662395306,100.0,97.0,103.0,0.014097724690959193,0.3240768746265002,32.53823634013879,2.3556413766046322,2.936107007400158,BASELINE_UPDATE,0,0,0,2.0,194.0,0,1.6472,0.5161,3.8076,-0.3302,0.075
97,baseline,0.026384227667683557,-0.026384227667683557,-0.02323549717422193,0.003148730493461628,103.59201154815787,100.0,97.0,103.0,0.03529003225575496,0.32377137624285074,32.38885497327716,2.350096740173407,2.8848311731760163,BASELINE_UPDATE,0,0,0,2.0,196.0,0,1.6472,0.5161,3.8076,-0.3302,0.075
98,baseline,0.02774001039687896,-0.02774001039687896,-0.02363598363638046,0.004104026760498498,105.01020656033467,100.0,97.0,103.0,0.048887364781820014,0.3227201814426497,32.35130470365109,2.345684708456783,2.8314229924300984,BASELINE_UPDATE,0,0,0,2.0,198.0,0,1.6472,0.5161,3.8076,-0.3302,0.075
99,baseline,0.028810110810682247,-0.028810110810682247,-0.02614491571405357,0.002665195096628676,102.85748275242315,100.0,97.0,103.0,0.028174181498683604,0.32459268862359714,32.40681530218278,2.3531846010906,2.908032433173347,BASELINE_UPDATE,0,0,0,2.0,200.0,0,1.6472,0.5161,3.8076,-0.3302,0.075
100,baseline,0.02958415111102154,-0.02958415111102154,-0.02870460512122542,0.000879545989796119,100.59584524227074,100.0,97.0,103.0,0.005940771046067278,0.32567047844913555,32.41379942604439,2.3567150292125163,2.9442796578727037,BASELINE_UPDATE,0,0,0,2.0,202.0,0,1.6472,0.5161,3.8076,-0.3302,0.075
101,baseline,0.030054809530300222,-0.030054809530300222,-0.03041530525338719,-0.00036049572308696765,99.53844784753795,100.0,97.0,103.0,0.004626205932846313,0.3255991055701247,32.35743350075158,2.3547553863125916,2.942341953071456,BASELINE_UPDATE,0,0,0,2.0,204.0,0,1.6472,0.5161,3.8076,-0.3302,0.075
102,baseline,0.030217894986012937,-0.030217894986012937,-0.029765407300060706,0.00045248768595223046,100.59771205335142,100.0,97.0,103.0,0.005959328410486117,0.32396872417501676,32.405973197744494,2.3512344655883397,2.9369561640097586,BASELINE_UPDATE,0,0,0,2.0,206.0,0,1.6472,0.5161,3.8076,-0.3302,0.075
103,baseline,0.030072389365050703,-0.030072389365050703,-0.03017884088051291,-0.0001064515154622081,100.3670314898947,100.0,97.0,103.0,0.003663595729178726,0.3247991580826274,32.58796463067554,2.3593947742915775,2.9485340246605607,BASELINE_UPDATE,0,0,0,2.0,208.0,0,1.6472,0.5161,3.8076,-0.3302,0.075
104,baseline,0.02962045700867649,-0.02962045700867649,-0.029471923572136852,0.00014853343653963708,99.76686159968601,100.0,97.0,103.0,0.0023341059101882815,0.3249900325799085,32.58035872595801,2.3597488476244064,2.949317285572628,BASELINE_UPDATE,0,0,0,2.0,210.0,0,1.6472,0.5161,3.8076,-0.3302,0.075
105,baseline,0.02886742130918927,-0.02886742130918927,-0.02972437240743836,-0.000856951098249091,99.36385939287203,100.0,97.0,103.0,0.006381726036420111,0.3240652546657067,32.36934189724342,2.3504013569138342,2.9352436514482636,BASELINE_UPDATE,0,0,0,2.0,212.0,0,1.6472,0.5161,3.8076,-0.3302,0.075
106,baseline,0.027821708670145714,-0.027821708670145714,-0.029866694624121625,-0.0020449859539759113,97.93105985792559,100.0,97.0,103.0,0.02090642570672684,0.3242287796931602,32.51599608589048,2.3554262533052173,2.925782790814981,BASELINE_UPDATE,0,0,0,2.0,214.0,0,1.6472,0.5161,3.8076,-0.3302,0.075
107,baseline,0.026494760420127664,-0.026494760420127664,-0.030331036270155532,-0.0038362758500278676,95.7097736353186,100.0,97.0,103.0,0.04384976489310768,0.32435832865681596,32.102974080169325,2.34304225465634,2.8449564317041736,BASELINE_UPDATE,0,0,0,2.0,216.0,0,1.6472,0.5161,3.8076,-0.3302,0.075
108,baseline,0.024900913601914383,-0.024900913601914383,-0.02781082422536469,-0.002909910623450307,96.6242812763073,100.0,97.0,103.0,0.03434011738700724,0.3234203440130373,32.357221114022124,2.3480347872395853,2.8852405362665987,BASELINE_UPDATE,0,0,0,2.0,218.0,0,1.6472,0.5161,3.8076,-0.3302,0.075
109,baseline,0.023057251881089365,-0.023057251881089365,-0.02721545028653129,-0.004158198405441925,95.728733914391,100.0,97.0,103.0,0.04365168270601717,0.3234026112283197,32.36527619932565,2.348228868277656,2.8551378073860425,BASELINE_UPDATE,0,0,0,2.0,220.0,0,1.6472,0.5161,3.8076,-0.3302,0.075
110,baseline,0.020983428127236213,-0.020983428127236213,-0.024740810503588173,-0.00375738237635196,95.7070067296861,100.0,97.0,103.0,0.04387867464310365,0.32384994589427696,32.20063627904885,2.3445112121504956,2.849208714163476,BASELINE_UPDATE,0,0,0,2.0,222.0,0,1.6472,0.5161,3.8076,-0.3302,0.075
111,baseline,0.018701460513746705,-0.018701460513746705,-0.023087373718127944,-0.004385913204381239,95.76694524226194,100.0,97.0,103.0,0.04325259977582915,0.32355966966616573,32.27692211368265,2.3459807574493654,2.853803117962334,BASELINE_UPDATE,0,0,0,2.0,224.0,0,1.6472,0.5161,3.8076,-0.3302,0.075
112,baseline,0.016235504255836076,-0.016235504255836076,-0.01918888066888904,-0.002953376413052964,96.72310620254909,100.0,97.0,103.0,0.03331786478627215,0.32446983373266064,32.31473870029122,2.3499607232007147,2.8907686251137963,BASELINE_UPDATE,0,0,0,2.0,226.0,0,1.6472,0.5161,3.8076,-0.3302,0.075
113,baseline,0.01361160135780452,-0.01361160135780452,-0.01729982074617137,-0.003688219388366852,96.02914859972789,100.0,97.0,103.0,0.04051840935972811,0.3246050658988087,32.25949459453188,2.3486663885104577,2.8667792603308846,BASELINE_UPDATE,0,0,0,2.0,228.0,0,1.6472,0.5161,3.8076,-0.3302,0.075
114,baseline,0.010857410967289666,-0.010857410967289666,-0.01389579825979986,-0.003038387292510193,96.70076153447302,100.0,97.0,103.0,0.0335489083326235,0.3225095107028828,32.217821128563166,2.3408970980207746,2.8780331293985135,BASELINE_UPDATE,0,0,0,2.0,230.0,0,1.6472,0.5161,3.8076,-0.3302,0.075
115,baseline,0.008001923133887487,-0.008001923133887487,-0.012420862727137133,-0.004418939593249646,95.48838966781268,100.0,97.0,103.0,0.04616552005117344,0.3228670091058632,32.385040276791294,2.3471818192601415,2.8444398694752326,BASELINE_UPDATE,0,0,0,2.0,232.0,0,1.6472,0.5161,3.8076,-0.3302,0.075
116,baseline,0.005075158940007707,-0.005075158940007707,-0.009652255753689911,-0.004577096813682204,95.40315949209271,100.0,97.0,103.0,0.047058489716499764,0.3226844777204011,32.14554883804669,2.3391937089206802,2.829970700984353,BASELINE_UPDATE,0,0,0,2.0,234.0,0,1.6472,0.5161,3.8076,-0.3302,0.075
117,baseline,0.002107860111431732,-0.002107860111431732,-0.00615186194848009,-0.004044001837048358,95.45180683388703,100.0,97.0,103.0,0.046548706358127384,0.32191222148343135,32.21888588551804,2.339076424109888,2.8327312855476823,BASELINE_UPDATE,0,0,0,2.0,236.0,0,1.6472,0.5161,3.8076,-0.3302,0.075
118,baseline,-0.0008688286776885382,0.0008688286776885382,-0.0036798359863718325,-0.004548664664060371,95.15466771558869,100.0,97.0,103.0,0.04966653705831546,0.32320503358680414,32.27195207142845,2.3447301178267406,2.827306354751233,BASELINE_UPDATE,0,0,0,2.0,238.0,0,1.6472,0.5161,3.8076,-0.3302,0.075
119,baseline,-0.0038236815167942777,0.0038236815167942777,0.0012981117044886994,-0.0025255698123055783,96.77811226586635,100.0,97.0,103.0,0.032749330228874676,0.3241395441342208,32.62362226679327,2.3584554712422503,2.903023286959298,BASELINE_UPDATE,0,0,0,2.0,240.0,0,1.6472,0.5161,3.8076,-0.3302,0.075
0,BLT,-0.021295704457578165,0.021295704457578165,0.0,-0.021295704457578165,78.46031513730946,100.0,97.0,103.0,0.24257722868009057,0.2704221469974898,27.107617270085438,1.9920437348761955,0.01861876988250044,PHYSICAL_UPDATE,0,0,0,2.3,2.3,1,1.6472,0.5161,3.8076,-0.3302,0.075
1,BLT,-0.023608827139710988,0.023608827139710988,0.02775443140628053,0.004145604266569541,104.6099028227228,100.0,97.0,103.0,0.045068034418889305,0.32290262631753075,32.425335360223016,2.348535605073919,2.8502388924803173,PHYSICAL_UPDATE,0,0,0,2.3,4.6,1,1.6472,0.5161,3.8076,-0.3302,0.075
2,BLT,-0.02570611293717922,0.02570611293717922,0.018535075137976274,-0.007171037799202945,92.51196012283054,100.0,97.0,103.0,0.0778322512028636,0.3192168451420758,31.75325853282049,2.316110709230042,2.6303847631484594,PHYSICAL_UPDATE,0,0,0,2.3,6.8999999999999995,1,1.6472,0.5161,3.8076,-0.3302,0.075
3,BLT,-0.02756646069659394,0.02756646069659394,0.028310178094836602,0.0007437173982426624,100.4075761374978,100.0,97.0,103.0,0.004067477959440503,0.32462826834738023,32.45904544595677,2.3549046135876477,2.942807668563235,BLT_REWARD_REGION,1,1,0,2.3,9.2,1,1.6472,0.5161,3.8076,-0.3302,0.075
4,BLT,-0.029171157118314688,0.029171157118314688,0.025472763276972798,-0.0036983938413418897,95.96854800870499,100.0,97.0,103.0,0.04114967311034384,0.32470747917715,32.28659807354637,2.349821657778125,2.8655440678330986,BLT_REWARD_REGION,1,1,0,2.3,11.5,1,1.6472,0.5161,3.8076,-0.3302,0.075
5,BLT,-0.030504069607813607,0.030504069607813607,0.029289252427410702,-0.0012148171804029044,98.64809304564824,100.0,97.0,103.0,0.013611284211643399,0.3255517774679352,32.49367166378054,2.358811592916271,2.940596017064712,BLT_REWARD_REGION,1,1,0,2.3,13.8,1,1.6472,0.5161,3.8076,-0.3302,0.075
6,BLT,-0.0315518129748399,0.0315518129748399,0.029931899158847104,-0.0016199138159927982,97.88480623163152,100.0,97.0,103.0,0.021378845312737267,0.3251317671930541,32.501561351932075,2.3577633884767497,2.927834578076019,BLT_REWARD_REGION,1,1,0,2.3,16.1,1,1.6472,0.5161,3.8076,-0.3302,0.075
7,BLT,-0.03230388824093528,0.03230388824093528,0.03272312675021118,0.00041923850927590156,100.83715646376741,100.0,97.0,103.0,0.008336717439074486,0.32552000833507383,32.3655287012546,2.3547625777671826,2.9400462137062076,BLT_JACOBIAN_UPDATE,1,1,1,2.3,18.400000000000002,1,1.6472,0.5161,3.8076,-0.3302,0.075
8,BLT,-0.03275279209898695,0.03275279209898695,0.030271159457823143,-0.0024816326411638105,97.03202336367708,100.0,97.0,103.0,0.030129124198324156,0.32454014261891306,32.35051324529739,2.3512838417874913,2.900664627155455,BLT_JACOBIAN_UPDATE,1,1,1,2.3,20.700000000000003,1,1.6472,0.5161,3.8076,-0.3302,0.075
9,BLT,-0.03289409586709315,0.03289409586709315,0.03563281788076299,0.002738722013669835,103.13210865240441,100.0,97.0,103.0,0.030840588677977718,0.32421098238006996,32.46989268147744,2.3539524860197627,2.9022709607361947,BLT_JACOBIAN_UPDATE,1,1,1,2.3,23.000000000000004,1,1.6472,0.5161,3.8076,-0.3302,0.075
10,BLT,-0.03272649309001878,0.03272649309001878,0.030686620333095722,-0.002039872756923057,97.43124141919934,100.0,97.0,103.0,0.02602327297955396,0.3265377347960568,32.56005566965309,2.3638764875929907,2.9262520915685717,BLT_JACOBIAN_UPDATE,1,1,1,2.3,25.300000000000004,1,1.6472,0.5161,3.8076,-0.3302,0.075
11,BLT,-0.03225181526176022,0.03225181526176022,0.035981096937188005,0.003729281675427784,104.01324880887594,100.0,97.0,103.0,0.03934809743259742,0.32155776672619374,32.20684276356374,2.3376008654892426,2.850373703889961,BLT_REWARD_REGION,1,1,0,2.3,27.600000000000005,1,1.6472,0.5161,3.8076,-0.3302,0.075
12,BLT,-0.031475015468941867,0.031475015468941867,0.03069118040905249,-0.0007838350598893748,99.3595160430557,100.0,97.0,103.0,0.0064254385569778045,0.3256841986228891,32.6088549306603,2.362756792124922,2.95156125544009,BLT_JACOBIAN_UPDATE,1,1,1,2.3,29.900000000000006,1,1.6472,0.5161,3.8076,-0.3302,0.075
13,BLT,-0.03040412008358605,0.03040412008358605,0.033543931167329094,0.003139811083743043,103.6633256693504,100.0,97.0,103.0,0.03597820873375932,0.323880849682683,32.350039663313865,2.349235668295992,2.8803005045957217,BLT_REWARD_REGION,1,1,0,2.3,32.2,1,1.6472,0.5161,3.8076,-0.3302,0.075
14,BLT,-0.029050148961853112,0.029050148961853112,0.029389821948345517,0.0003396729864924043,100.0843914763933,100.0,97.0,103.0,0.0008435588680850135,0.3253864560869796,32.525156041755885,2.3592721145669504,2.948922054501538,BLT_JACOBIAN_UPDATE,1,1,1,2.3,34.5,0,1.6472,0.5161,3.8076,-0.3302,0.075
15,BLT,-0.027427004929257412,0.027427004929257412,0.029734004377161068,0.0023069994479036557,102.37015628210871,100.0,97.0,103.0,0.023425041582148292,0.32458591380599117,32.54236166247497,2.3573376559806114,2.923374621747338,BLT_JACOBIAN_UPDATE,1,1,1,2.3,36.8,0,1.6472,0.5161,3.8076,-0.3302,0.075
16,BLT,-0.025551333649285544,0.025551333649285544,0.026240382016864953,0.000689048367579409,100.83301055281791,100.0,97.0,103.0,0.008295601680492823,0.3244653389601253,32.47525678796183,2.3549019075507758,2.940547719051063,BLT_JACOBIAN_UPDATE,1,1,1,2.3,39.099999999999994,0,1.6472,0.5161,3.8076,-0.3302,0.075
17,BLT,-0.023442355277997998,0.023442355277997998,0.025166484218400495,0.0017241289404024973,101.84627049837796,100.0,97.0,103.0,0.018294338423492297,0.324059612522827,32.497596317900815,2.3543383363055783,2.928736725387571,BLT_JACOBIAN_UPDATE,1,1,1,2.3,41.39999999999999,0,1.6472,0.5161,3.8076,-0.3302,0.075
18,BLT,-0.02112166959891581,0.02112166959891581,0.023219679426545296,0.002098009827629487,102.09890275366138,100.0,97.0,103.0,0.020771792343795937,0.3254797556427952,32.41505472503546,2.356167952974764,2.926885629700899,BLT_JACOBIAN_UPDATE,1,1,1,2.3,43.69999999999999,0,1.6472,0.5161,3.8076,-0.3302,0.075
19,BLT,-0.018613036607245247,0.018613036607245247,0.02019725884414148,0.001584222236896235,101.21435579834971,100.0,97.0,103.0,0.012070416519621477,0.32265045216370497,32.53085419652705,2.3510032656766526,2.9311975670401056,BLT_JACOBIAN_UPDATE,1,1,1,2.3,45.999999999999986,0,1.6472,0.5161,3.8076,-0.3302,0.075
20,BLT,-0.015942134767412082,0.015942134767412082,0.01808250322599692,0.002140368458584837,102.59525112261609,100.0,97.0,103.0,0.02562146032275874,0.32435925217181466,32.46582157852014,2.3542843177741792,2.915159713589025,BLT_JACOBIAN_UPDATE,1,1,1,2.3,48.29999999999998,0,1.6472,0.5161,3.8076,-0.3302,0.075
21,BLT,-0.013136299400297369,0.013136299400297369,0.015041042891422086,0.0019047434911247177,102.1040375419676,100.0,97.0,103.0,0.020822083375843414,0.3218129818386993,32.316548492245325,2.341794732338358,2.9074974323668714,BLT_JACOBIAN_UPDATE,1,1,1,2.3,50.59999999999998,0,1.6472,0.5161,3.8076,-0.3302,0.075
22,BLT,-0.010224243864050103,0.010224243864050103,0.012864751352755211,0.002640507488705108,103.47241764137185,100.0,97.0,103.0,0.03413489498227552,0.3239101925868146,32.35879231941752,2.349596786341296,2.8880314783053,BLT_JACOBIAN_UPDATE,1,1,1,2.3,52.89999999999998,0,1.6472,0.5161,3.8076,-0.3302,0.075
23,BLT,-0.007235766372714348,0.007235766372714348,0.0072806343222774714,4.4867949563123094e-05,100.18604389089994,100.0,97.0,103.0,0.001858710436012506,0.32354041969251673,32.39901388953795,2.3496967589345576,2.9369438807186254,BLT_JACOBIAN_UPDATE,1,1,1,2.3,55.199999999999974,0,1.6472,0.5161,3.8076,-0.3302,0.075
24,BLT,-0.004201445448239414,0.004201445448239414,0.007566498847750235,0.003365053399510821,103.81382383439193,100.0,97.0,103.0,0.03742895347164618,0.3231860075920829,32.44710949254714,2.3500841168384694,2.878735447681374,BLT_REWARD_REGION,1,1,0,2.3,57.49999999999997,0,1.6472,0.5161,3.8076,-0.3302,0.075
25,BLT,-0.00115232712212986,0.00115232712212986,0.0027493965376709896,0.0015970694155411297,101.47338891898332,100.0,97.0,103.0,0.014626399980958915,0.3242644494962902,32.47588036301929,2.354301777182558,2.9338908858002597,BLT_JACOBIAN_UPDATE,1,1,1,2.3,59.79999999999997,0,1.6472,0.5161,3.8076,-0.3302,0.075
26,BLT,0.0018803929082614147,-0.0018803929082614147,0.0009916630373580614,0.002872055945619476,103.73712104745307,100.0,97.0,103.0,0.03668983093501377,0.32332466270701576,32.45114494075662,2.3506374128734695,2.8815964908635747,BLT_REWARD_REGION,1,1,0,2.3,62.099999999999966,0,1.6472,0.5161,3.8076,-0.3302,0.075
27,BLT,0.004865688907958972,-0.004865688907958972,-0.0031904853641342695,0.0016752035438247024,101.94551105182643,100.0,97.0,103.0,0.019268279183401384,0.32420823741308086,32.43556824709541,2.3528863445035766,2.9255089562167003,BLT_JACOBIAN_UPDATE,1,1,1,2.3,64.39999999999996,0,1.6472,0.5161,3.8076,-0.3302,0.075
28,BLT,0.007773023233979746,-0.007773023233979746,-0.004541945875823578,0.0032310773581561677,103.54596528147346,100.0,97.0,103.0,0.034845437129862065,0.32490672816329275,32.31229873605207,2.3512307954689686,2.887777633096017,BLT_JACOBIAN_UPDATE,1,1,1,2.3,66.69999999999996,0,1.6472,0.5161,3.8076,-0.3302,0.075
29,BLT,0.010572659694743393,-0.010572659694743393,-0.009692890891083637,0.0008797688036597563,101.25398752950257,100.0,97.0,103.0,0.012461902230499616,0.3228560156343574,32.35631452949091,2.346260368834798,2.9255662429643547,BLT_JACOBIAN_UPDATE,1,1,1,2.3,68.99999999999996,0,1.6472,0.5161,3.8076,-0.3302,0.075
30,BLT,0.013235968912984637,-0.013235968912984637,-0.011035662139135444,0.002200306773849192,102.57903717232657,100.0,97.0,103.0,0.02546340981401305,0.3247467875436347,32.4158297346651,2.3539373599726017,2.9151700341785682,BLT_JACOBIAN_UPDATE,1,1,1,2.3,71.29999999999995,0,1.6472,0.5161,3.8076,-0.3302,0.075
31,BLT,0.015735722544520384,-0.015735722544520384,-0.01549176731283697,0.00024395523168341433,100.47818379808085,100.0,97.0,103.0,0.004770441310484356,0.325345189551245,32.40719494006302,2.3555119255881616,2.9433944316259186,BLT_JACOBIAN_UPDATE,1,1,1,2.3,73.59999999999995,0,1.6472,0.5161,3.8076,-0.3302,0.075
32,BLT,0.018046373316461917,-0.018046373316461917,-0.015835852363788348,0.002210520952673569,102.93600092223711,100.0,97.0,103.0,0.028937258853922967,0.32437617845464356,32.34427482661652,2.350585637223748,2.9027944563835333,BLT_JACOBIAN_UPDATE,1,1,1,2.3,75.89999999999995,0,1.6472,0.5161,3.8076,-0.3302,0.075
33,BLT,0.020144317991181326,-0.020144317991181326,-0.020406800571989087,-0.0002624825808077609,99.61830658907584,100.0,97.0,103.0,0.0038242371917516144,0.3252811450964111,32.572810054630395,2.3604124841899985,2.949834734051816,BLT_JACOBIAN_UPDATE,1,1,1,2.3,78.19999999999995,0,1.6472,0.5161,3.8076,-0.3302,0.075
34,BLT,0.022008140535124295,-0.022008140535124295,-0.019904528745542875,0.0021036117895814194,102.17776283945597,100.0,97.0,103.0,0.021543883365383265,0.3251767611866972,32.508123336106316,2.358103642979585,2.9279993443858063,BLT_JACOBIAN_UPDATE,1,1,1,2.3,80.49999999999994,0,1.6472,0.5161,3.8076,-0.3302,0.075
35,BLT,0.023618832972653787,-0.023618832972653787,-0.02252736579716686,0.0010914671754869258,100.83423031533272,100.0,97.0,103.0,0.00830769846437878,0.3240102201819795,32.569819563568224,2.356405859399045,2.942294892821119,BLT_JACOBIAN_UPDATE,1,1,1,2.3,82.79999999999994,0,1.6472,0.5161,3.8076,-0.3302,0.075
36,BLT,0.024959991632482432,-0.024959991632482432,-0.02393303660870006,0.0010269550237823714,101.22001663299942,100.0,97.0,103.0,0.012126344123053513,0.3247735366665131,32.426818788482024,2.354358671000999,2.9363321460467495,BLT_JACOBIAN_UPDATE,1,1,1,2.3,85.09999999999994,0,1.6472,0.5161,3.8076,-0.3302,0.075
37,BLT,0.0260179867455805,-0.0260179867455805,-0.024862053639589744,0.0011559331059907557,101.27686425453844,100.0,97.0,103.0,0.012687810776596637,0.32435797444892994,32.47185406659827,2.354466171708629,2.9361931244147064,BLT_JACOBIAN_UPDATE,1,1,1,2.3,87.39999999999993,0,1.6472,0.5161,3.8076,-0.3302,0.075
38,BLT,0.026782103626171252,-0.026782103626171252,-0.02639267422010848,0.0003894294060627704,100.02708906873734,100.0,97.0,103.0,0.00027085400311595086,0.3242483500370202,32.392969607482115,2.3516958674792035,2.9393967574794266,BLT_JACOBIAN_UPDATE,1,1,1,2.3,89.69999999999993,0,1.6472,0.5161,3.8076,-0.3302,0.075
39,BLT,0.027244653958745924,-0.027244653958745924,-0.02737460141686101,-0.00012994745811508585,100.1047484557306,100.0,97.0,103.0,0.00104693632816482,0.32618788124515785,32.59763478629938,2.3639579923853455,2.954781556294885,BLT_JACOBIAN_UPDATE,1,1,1,2.3,91.99999999999993,0,1.6472,0.5161,3.8076,-0.3302,0.075
40,BLT,0.027401056020959633,-0.027401056020959633,-0.028618274305180144,-0.0012172182842205108,98.7671607194105,100.0,97.0,103.0,0.012405017867689066,0.3254156615615632,32.43051144156789,2.3564477356536386,2.938388797870613,BLT_JACOBIAN_UPDATE,1,1,1,2.3,94.29999999999993,0,1.6472,0.5161,3.8076,-0.3302,0.075
41,BLT,0.02724988299164591,-0.02724988299164591,-0.026349471566241567,0.000900411425404344,100.70921084201818,100.0,97.0,103.0,0.007067077696649266,0.3239682799285814,32.422445873986526,2.351741287392234,2.937109095903579,BLT_JACOBIAN_UPDATE,1,1,1,2.3,96.59999999999992,0,1.6472,0.5161,3.8076,-0.3302,0.075
42,BLT,0.026792878821720774,-0.026792878821720774,-0.027997680210544704,-0.0012048013888239298,98.42773227087523,100.0,97.0,103.0,0.015847589615977688,0.3256509042077129,32.38971727945881,2.3559116871392387,2.9341976935833305,BLT_JACOBIAN_UPDATE,1,1,1,2.3,98.89999999999992,0,1.6472,0.5161,3.8076,-0.3302,0.075
43,BLT,0.026034941480044264,-0.026034941480044264,-0.025771760597319063,0.00026318088272520024,100.12660633802146,100.0,97.0,103.0,0.0012652625977961959,0.32679674857801244,32.425291096064385,2.360521842364072,2.9504787962154664,BLT_JACOBIAN_UPDATE,1,1,1,2.3,101.19999999999992,0,1.6472,0.5161,3.8076,-0.3302,0.075
44,BLT,0.02498407372291128,-0.02498407372291128,-0.025972664506425908,-0.0009885907835146292,99.37318883043888,100.0,97.0,103.0,0.006287838785330312,0.32393501524677704,32.41617647704648,2.351445218652713,2.936144126428842,BLT_JACOBIAN_UPDATE,1,1,1,2.3,103.49999999999991,0,1.6472,0.5161,3.8076,-0.3302,0.075
45,BLT,0.02365130187126828,-0.02365130187126828,-0.02517441733332687,-0.0015231154620585913,98.00471021727633,100.0,97.0,103.0,0.020154645030934493,0.3257658656952171,32.42690714795771,2.357412186644541,2.92960302501402,BLT_JACOBIAN_UPDATE,1,1,1,2.3,105.79999999999991,0,1.6472,0.5161,3.8076,-0.3302,0.075
46,BLT,0.022050563410518715,-0.022050563410518715,-0.02160927196374771,0.0004412914467710055,100.6212111389962,100.0,97.0,103.0,0.006192895764677272,0.32497107684553994,32.57696302442943,2.3595862879474465,2.947689958742727,BLT_JACOBIAN_UPDATE,1,1,1,2.3,108.09999999999991,0,1.6472,0.5161,3.8076,-0.3302,0.075
47,BLT,0.020198564550454063,-0.020198564550454063,-0.02299763025691043,-0.0027990657064563655,97.21484736188518,100.0,97.0,103.0,0.02824673555020976,0.3230222221355117,32.330736081609594,2.3459842002910727,2.897197358284682,BLT_JACOBIAN_UPDATE,1,1,1,2.3,110.3999999999999,0,1.6472,0.5161,3.8076,-0.3302,0.075
48,BLT,0.01811460919407207,-0.01811460919407207,-0.01793766108620662,0.00017694810786545237,99.66632608545945,100.0,97.0,103.0,0.0033423184741013306,0.32537596712791367,32.46616763802806,2.3574246080470416,2.946260092612306,BLT_JACOBIAN_UPDATE,1,1,1,2.3,112.6999999999999,0,1.6472,0.5161,3.8076,-0.3302,0.075
49,BLT,0.01582040106057872,-0.01582040106057872,-0.018095071845118053,-0.0022746707845393323,97.35011247434224,100.0,97.0,103.0,0.026856298810075084,0.32546883594293663,32.30305800611767,2.352673336831332,2.910039707705882,BLT_JACOBIAN_UPDATE,1,1,1,2.3,114.9999999999999,0,1.6472,0.5161,3.8076,-0.3302,0.075
50,BLT,0.013339820986623039,-0.013339820986623039,-0.013628666204186818,-0.00028884521756377887,99.80163883651582,100.0,97.0,103.0,0.001985581597926326,0.32465189399232813,32.49103085701507,2.355962311524417,2.944643893155691,BLT_JACOBIAN_UPDATE,1,1,1,2.3,117.2999999999999,0,1.6472,0.5161,3.8076,-0.3302,0.075
51,BLT,0.010698681687872883,-0.010698681687872883,-0.013318230186097632,-0.002619548498224749,97.00519199261204,100.0,97.0,103.0,0.030405683220126226,0.3229842772906433,32.42765806756887,2.3488600686491785,2.89667147940136,BLT_JACOBIAN_UPDATE,1,1,1,2.3,119.5999999999999,0,1.6472,0.5161,3.8076,-0.3302,0.075
52,BLT,0.007924462497705322,-0.007924462497705322,-0.009142811088574539,-0.0012183485908692174,98.56486613796116,100.0,97.0,103.0,0.014455315080328943,0.32489919513619797,32.53777622808905,2.3581614462384604,2.9389122756079327,BLT_JACOBIAN_UPDATE,1,1,1,2.3,121.89999999999989,0,1.6472,0.5161,3.8076,-0.3302,0.075
53,BLT,0.005046026808596359,-0.005046026808596359,-0.006445052715037101,-0.0013990259064407427,98.55451888723013,100.0,97.0,103.0,0.014560299688912271,0.324895939588992,32.537888567484664,2.3581548785897186,2.9387828525018405,BLT_JACOBIAN_UPDATE,1,1,1,2.3,124.19999999999989,0,1.6472,0.5161,3.8076,-0.3302,0.075
54,BLT,0.0020933251225592918,-0.0020933251225592918,-0.004227917110807154,-0.002134591988247862,97.26098337255621,100.0,97.0,103.0,0.02777227030316806,0.32400607569281775,32.335464565330206,2.3491715908273703,2.9032306556384486,BLT_JACOBIAN_UPDATE,1,1,1,2.3,126.49999999999989,0,1.6472,0.5161,3.8076,-0.3302,0.075
55,BLT,-0.0009029132322053862,0.0009029132322053862,0.000193719362909954,-0.0007091938692954322,99.53859449028299,100.0,97.0,103.0,0.004624732706769364,0.325252943171622,32.408119605519325,2.355256883832177,2.9431727963762895,BLT_JACOBIAN_UPDATE,1,1,1,2.3,128.7999999999999,0,1.6472,0.5161,3.8076,-0.3302,0.075
56,BLT,-0.0039114965420198235,0.0039114965420198235,0.0009286339563251002,-0.0029828625856947234,96.52723937576717,100.0,97.0,103.0,0.03534494415075829,0.3241713636350971,32.28060751891686,2.3479836606134272,2.882030841809847,BLT_REWARD_REGION,1,1,0,2.3,131.0999999999999,0,1.6472,0.5161,3.8076,-0.3302,0.075
57,BLT,-0.006901092042916655,0.006901092042916655,0.004080603470184775,-0.0028204885727318796,96.59455094244902,100.0,97.0,103.0,0.034647854823896915,0.3240956857437102,32.33661941783511,2.349483835730001,2.886431247795295,BLT_JACOBIAN_UPDATE,1,1,1,2.3,133.39999999999992,0,1.6472,0.5161,3.8076,-0.3302,0.075
58,BLT,-0.009840548834714108,0.009840548834714108,0.008866526580228348,-0.0009740222544857603,98.61213304694529,100.0,97.0,103.0,0.013975878735472078,0.3253147180338629,32.4351396543945,2.3562801902929396,2.9371340015891967,BLT_JACOBIAN_UPDATE,1,1,1,2.3,135.69999999999993,0,1.6472,0.5161,3.8076,-0.3302,0.075
59,BLT,-0.012699219039998103,0.012699219039998103,0.011110310441348508,-0.0015889085986495952,98.51474086179026,100.0,97.0,103.0,0.014963995587813536,0.32456092672458375,32.472271240847704,2.355104527808345,2.9343593539100654,BLT_JACOBIAN_UPDATE,1,1,1,2.3,137.99999999999994,0,1.6472,0.5161,3.8076,-0.3302,0.075
60,BLT,-0.015447273890181737,0.015447273890181737,0.013335700734986512,-0.002111573155195225,97.81127444700624,100.0,97.0,103.0,0.02213033494738701,0.3242841120684198,32.52612690964753,2.3559084129570587,2.924274384455166,BLT_JACOBIAN_UPDATE,1,1,1,2.3,140.29999999999995,0,1.6472,0.5161,3.8076,-0.3302,0.075
61,BLT,-0.0180560114713663,0.0180560114713663,0.016216093268081235,-0.0018399182032850653,97.52130378418025,100.0,97.0,103.0,0.025099331501448167,0.3248348567437364,32.44292884504638,2.3550441512689004,2.9171860328268844,BLT_JACOBIAN_UPDATE,1,1,1,2.3,142.59999999999997,0,1.6472,0.5161,3.8076,-0.3302,0.075
62,BLT,-0.020498152947186803,0.020498152947186803,0.02013410445813636,-0.00036404848905044473,99.74867657486783,100.0,97.0,103.0,0.0025163977260028634,0.32510278358419464,32.506142808934825,2.357815191512309,2.9469381734287654,BLT_JACOBIAN_UPDATE,1,1,1,2.3,144.89999999999998,0,1.6472,0.5161,3.8076,-0.3302,0.075
63,BLT,-0.022748124193338187,0.022748124193338187,0.020206412154910973,-0.0025417120384272143,97.07391803688505,100.0,97.0,103.0,0.029697456073626782,0.3232787982910541,32.34374519803658,2.3471804789756434,2.895847527431285,BLT_JACOBIAN_UPDATE,1,1,1,2.3,147.2,0,1.6472,0.5161,3.8076,-0.3302,0.075
64,BLT,-0.02478231992784946,0.02478231992784946,0.024648244420418082,-0.00013407550743137903,99.28869299926252,100.0,97.0,103.0,0.0071384884972254415,0.3246492758187618,32.41976882706526,2.3537585550342355,2.9399607512832624,BLT_JACOBIAN_UPDATE,1,1,1,2.3,149.5,0,1.6472,0.5161,3.8076,-0.3302,0.075
65,BLT,-0.026579347600874798,0.026579347600874798,0.025222742060413576,-0.0013566055404612212,98.31613459647959,100.0,97.0,103.0,0.016982036022273383,0.3248664953699209,32.45439492630127,2.3554949063211303,2.9321544820332903,BLT_JACOBIAN_UPDATE,1,1,1,2.3,151.8,0,1.6472,0.5161,3.8076,-0.3302,0.075
66,BLT,-0.02812024851595607,0.02812024851595607,0.028381448062658323,0.00026119954670225307,100.2018070528479,100.0,97.0,103.0,0.002016036959613936,0.32478272353174,32.5018162001684,2.3566971076502248,2.9455706012856306,BLT_JACOBIAN_UPDATE,1,1,1,2.3,154.10000000000002,0,1.6472,0.5161,3.8076,-0.3302,0.075
67,BLT,-0.029388693889235894,0.029388693889235894,0.026862845730794758,-0.002525848158441136,96.99079589599006,100.0,97.0,103.0,0.03055409965703393,0.3254404445351409,32.45314951757854,2.357221695821088,2.907162017849155,BLT_JACOBIAN_UPDATE,1,1,1,2.3,156.40000000000003,0,1.6472,0.5161,3.8076,-0.3302,0.075
68,BLT,-0.030371153811543677,0.030371153811543677,0.031513873993253186,0.0011427201817095084,101.54095729872925,100.0,97.0,103.0,0.015292051285900542,0.3246375729125088,32.46547306860103,2.355131278328317,2.933823807838336,BLT_JACOBIAN_UPDATE,1,1,1,2.3,158.70000000000005,0,1.6472,0.5161,3.8076,-0.3302,0.075
69,BLT,-0.031057037357967852,0.031057037357967852,0.028518696153129377,-0.0025383412048384756,96.8069135467541,100.0,97.0,103.0,0.032451773318371374,0.32502849233277736,32.39509761055564,2.3541646712550026,2.8982600052053717,BLT_JACOBIAN_UPDATE,1,1,1,2.3,161.00000000000006,0,1.6472,0.5161,3.8076,-0.3302,0.075
70,BLT,-0.03143880238757104,0.03143880238757104,0.033625854567654316,0.0021870521800832765,102.35622796385613,100.0,97.0,103.0,0.023288973939227076,0.32377572948213756,32.26027211299617,2.3461323118359445,2.9091231456280444,BLT_JACOBIAN_UPDATE,1,1,1,2.3,163.30000000000007,0,1.6472,0.5161,3.8076,-0.3302,0.075
71,BLT,-0.031512033889211394,0.031512033889211394,0.029638606334209193,-0.0018734275550022009,98.49107044458525,100.0,97.0,103.0,0.015204297304417271,0.3254229907716597,32.426658662487505,2.3563514498945004,2.9355895932765694,BLT_JACOBIAN_UPDATE,1,1,1,2.3,165.60000000000008,0,1.6472,0.5161,3.8076,-0.3302,0.075
72,BLT,-0.03127549005475482,0.03127549005475482,0.03178707409660713,0.0005115840418523088,100.57115547715607,100.0,97.0,103.0,0.005695305684945978,0.3252466426233278,32.4880207956606,2.357699946394403,2.945595644060223,BLT_JACOBIAN_UPDATE,1,1,1,2.3,167.9000000000001,0,1.6472,0.5161,3.8076,-0.3302,0.075
73,BLT,-0.030731115594921792,0.030731115594921792,0.031115693134048546,0.0003845775391267542,100.18512548809335,100.0,97.0,103.0,0.0018495434205238496,0.3258337038823983,32.51158332017344,2.360228297131888,2.9499867875410812,BLT_JACOBIAN_UPDATE,1,1,1,2.3,170.2000000000001,0,1.6472,0.5161,3.8076,-0.3302,0.075
74,BLT,-0.029884022152140234,0.029884022152140234,0.03063838646308995,0.0007543643109497143,100.76257415433946,100.0,97.0,103.0,0.007596812553270977,0.3251776359913539,32.55635290818898,2.3595888497538002,2.946838860041952,BLT_JACOBIAN_UPDATE,1,1,1,2.3,172.5000000000001,0,1.6472,0.5161,3.8076,-0.3302,0.075
75,BLT,-0.028742436005547375,0.028742436005547375,0.029520520684954997,0.0007780846794076222,101.00724999298889,100.0,97.0,103.0,0.010022110385756686,0.32684778207608417,32.36108723561257,2.358695975058675,2.943360517196246,BLT_JACOBIAN_UPDATE,1,1,1,2.3,174.80000000000013,0,1.6472,0.5161,3.8076,-0.3302,0.075
76,BLT,-0.027317613602155382,0.027317613602155382,0.027000837653331746,-0.000316775948823636,99.67412243124011,100.0,97.0,103.0,0.0032640970610097863,0.32421447150690796,32.507138395716936,2.3551096750767684,2.942145097469523,BLT_JACOBIAN_UPDATE,1,1,1,2.3,177.10000000000014,0,1.6472,0.5161,3.8076,-0.3302,0.075
77,BLT,-0.02562372578164116,0.02562372578164116,0.026674398963869268,0.001050673182228106,101.19763072702573,100.0,97.0,103.0,0.011905158802930233,0.32588007476209224,32.5782654008845,2.362419526407678,2.9469577863828182,BLT_JACOBIAN_UPDATE,1,1,1,2.3,179.40000000000015,0,1.6472,0.5161,3.8076,-0.3302,0.075
78,BLT,-0.023677711886770477,0.023677711886770477,0.024107899384427967,0.00043018749765749015,100.39686390482491,100.0,97.0,103.0,0.003960784773963263,0.32567837090789464,32.6471770537739,2.3639134142255767,2.9541329888983046,BLT_JACOBIAN_UPDATE,1,1,1,2.3,181.70000000000016,0,1.6472,0.5161,3.8076,-0.3302,0.075
79,BLT,-0.021499105263738695,0.021499105263738695,0.02308649683694397,0.0015873915732052754,101.54800463603362,100.0,97.0,103.0,0.015361452766316392,0.3255164231568482,32.441821748932014,2.3571060217197317,2.9356651873887816,BLT_JACOBIAN_UPDATE,1,1,1,2.3,184.00000000000017,0,1.6472,0.5161,3.8076,-0.3302,0.075
80,BLT,-0.019109831953453484,0.019109831953453484,0.020182002338809773,0.0010721703853562893,101.45426191426172,100.0,97.0,103.0,0.01443788939898843,0.3234456956318429,32.43206403778018,2.3504235199744565,2.928474524361265,BLT_JACOBIAN_UPDATE,1,1,1,2.3,186.30000000000018,0,1.6472,0.5161,3.8076,-0.3302,0.075
81,BLT,-0.016533984652905953,0.016533984652905953,0.018679662223141352,0.002145677570235399,102.23420153623258,100.0,97.0,103.0,0.022096088794093256,0.3249348537440189,32.34586963573578,2.3523557686202943,2.919755443628893,BLT_JACOBIAN_UPDATE,1,1,1,2.3,188.6000000000002,0,1.6472,0.5161,3.8076,-0.3302,0.075
82,BLT,-0.013797574282376013,0.013797574282376013,0.01600737842608712,0.0022098041437111065,102.58858365913342,100.0,97.0,103.0,0.025556470178753312,0.32559273249687026,32.421804688914676,2.3567232152275484,2.918431428192288,BLT_JACOBIAN_UPDATE,1,1,1,2.3,190.9000000000002,0,1.6472,0.5161,3.8076,-0.3302,0.075
83,BLT,-0.01092826172661978,0.01092826172661978,0.01230276035694956,0.0013744986303297797,101.50180243122323,100.0,97.0,103.0,0.014906370279166165,0.3255501662266681,32.41841604444513,2.356487949058886,2.9362528199727542,BLT_JACOBIAN_UPDATE,1,1,1,2.3,193.20000000000022,0,1.6472,0.5161,3.8076,-0.3302,0.075
84,BLT,-0.007955072523966579,0.007955072523966579,0.010353893972594223,0.0023988214486276443,103.18380227152562,100.0,97.0,103.0,0.03134170000740892,0.32478851511630447,32.489655730846195,2.3563407222840893,2.9040533031196043,BLT_JACOBIAN_UPDATE,1,1,1,2.3,195.50000000000023,0,1.6472,0.5161,3.8076,-0.3302,0.075
85,BLT,-0.004908097454266959,0.004908097454266959,0.005517924299115684,0.0006098268448487248,100.89053337557414,100.0,97.0,103.0,0.008865915122297147,0.323982191657045,32.375609641741896,2.350338621753511,2.934283230572973,BLT_JACOBIAN_UPDATE,1,1,1,2.3,197.80000000000024,0,1.6472,0.5161,3.8076,-0.3302,0.075
86,BLT,-0.001818182123025674,0.001818182123025674,0.004122628381723262,0.002304446258697588,102.939122547444,100.0,97.0,103.0,0.028967584277942254,0.3243525720083219,32.36076189422457,2.351022466610744,2.9035284969216857,BLT_JACOBIAN_UPDATE,1,1,1,2.3,200.10000000000025,0,1.6472,0.5161,3.8076,-0.3302,0.075
87,BLT,0.0012833912466924918,-0.0012833912466924918,-0.00039033886843589487,0.0008930523782565969,101.10219833961227,100.0,97.0,103.0,0.010961684011747201,0.3258210846072614,32.35931025530421,2.3554949087366115,2.9393219176328316,BLT_JACOBIAN_UPDATE,1,1,1,2.3,202.40000000000026,0,1.6472,0.5161,3.8076,-0.3302,0.075
88,BLT,0.004365226522086809,-0.004365226522086809,-0.0008950477343839695,0.00347017878770284,104.15072682947442,100.0,97.0,103.0,0.04066896037408188,0.3227346493855884,32.31962713659378,2.344749884649906,2.8598129797911116,BLT_REWARD_REGION,1,1,0,2.3,204.70000000000027,0,1.6472,0.5161,3.8076,-0.3302,0.075
89,BLT,0.007396137528947295,-0.007396137528947295,-0.004921410912965125,0.0024747266159821707,102.69480657499224,100.0,97.0,103.0,0.02659136077772537,0.3242159216276803,32.34043394132282,2.3499727117825753,2.907763794826091,BLT_JACOBIAN_UPDATE,1,1,1,2.3,207.00000000000028,0,1.6472,0.5161,3.8076,-0.3302,0.075
90,BLT,0.01034546972920203,-0.01034546972920203,-0.009154938095638231,0.0011905316335637985,101.9372816020027,100.0,97.0,103.0,0.01918755192122219,0.3249060161494238,32.50259681995565,2.35710066874416,2.9308996156209113,BLT_JACOBIAN_UPDATE,1,1,1,2.3,209.3000000000003,0,1.6472,0.5161,3.8076,-0.3302,0.075
91,BLT,0.013183416379151191,-0.013183416379151191,-0.011424440380156154,0.0017589759989950372,102.29910618667772,100.0,97.0,103.0,0.022730749753194203,0.32528119309233045,32.38055564702144,2.354492847078859,2.9211395913114564,BLT_JACOBIAN_UPDATE,1,1,1,2.3,211.6000000000003,0,1.6472,0.5161,3.8076,-0.3302,0.075
92,BLT,0.015881325897162783,-0.015881325897162783,-0.014612747033124516,0.0012685788640382674,101.42505332193865,100.0,97.0,103.0,0.014149948832047224,0.32535839457406857,32.4333345231769,2.356358785507928,2.9370050325228925,BLT_JACOBIAN_UPDATE,1,1,1,2.3,213.90000000000032,0,1.6472,0.5161,3.8076,-0.3302,0.075
93,BLT,0.01841199726088927,-0.01841199726088927,-0.016193191943803177,0.0022188053170860943,102.53547455544046,100.0,97.0,103.0,0.025038645937735842,0.3253909032596353,32.2303411248586,2.3501802396986315,2.910642582829546,BLT_JACOBIAN_UPDATE,1,1,1,2.3,216.20000000000033,0,1.6472,0.5161,3.8076,-0.3302,0.075
94,BLT,0.020749960378360775,-0.020749960378360775,-0.01971694793166432,0.001033012446696454,101.23010941525057,100.0,97.0,103.0,0.012226050479937712,0.32536760068933945,32.48784898888161,2.358066485364736,2.9412428080650175,BLT_JACOBIAN_UPDATE,1,1,1,2.3,218.50000000000034,0,1.6472,0.5161,3.8076,-0.3302,0.075
95,BLT,0.022871738533336766,-0.022871738533336766,-0.021629501901447565,0.0012422366318892014,101.54781376856761,100.0,97.0,103.0,0.015359573185855215,0.32504851608266533,32.414620908908084,2.3548287560913153,2.933443613399067,BLT_JACOBIAN_UPDATE,1,1,1,2.3,220.80000000000035,0,1.6472,0.5161,3.8076,-0.3302,0.075
96,BLT,0.0247560901914158,-0.0247560901914158,-0.02455127213351023,0.00020481805790557167,100.36547054355232,100.0,97.0,103.0,0.0036480432269521156,0.3242822980946116,32.55277916602443,2.3567218943269745,2.945146725411348,BLT_JACOBIAN_UPDATE,1,1,1,2.3,223.10000000000036,0,1.6472,0.5161,3.8076,-0.3302,0.075
97,BLT,0.026384227667683557,-0.026384227667683557,-0.024095468749311625,0.0022887589183719324,102.60996632700159,100.0,97.0,103.0,0.025764879721091843,0.32441241278264227,32.44748438679301,2.353883223741331,2.914191379020699,BLT_JACOBIAN_UPDATE,1,1,1,2.3,225.40000000000038,0,1.6472,0.5161,3.8076,-0.3302,0.075
98,BLT,0.02774001039687896,-0.02774001039687896,-0.02713327423570141,0.0006067361611775506,101.0238578699857,100.0,97.0,103.0,0.0101865194929472,0.3249959814457963,32.55700581721058,2.3590501164639694,2.944336713714674,BLT_JACOBIAN_UPDATE,1,1,1,2.3,227.7000000000004,0,1.6472,0.5161,3.8076,-0.3302,0.075
99,BLT,0.028810110810682247,-0.028810110810682247,-0.02818098090082666,0.0006291299098555858,100.56997420675984,100.0,97.0,103.0,0.005683559997745123,0.32554758968855796,32.48911666986142,2.35865853841703,2.9467609547819165,BLT_JACOBIAN_UPDATE,1,1,1,2.3,230.0000000000004,0,1.6472,0.5161,3.8076,-0.3302,0.075
100,BLT,0.02958415111102154,-0.02958415111102154,-0.029311575653736075,0.00027257545728546356,99.92545828971633,100.0,97.0,103.0,0.0007456950643053826,0.32578630668251785,32.421450688821494,2.357306648507336,2.9463942466034028,BLT_JACOBIAN_UPDATE,1,1,1,2.3,232.3000000000004,0,1.6472,0.5161,3.8076,-0.3302,0.075
101,BLT,0.030054809530300222,-0.030054809530300222,-0.029745201892043657,0.0003096076382565656,100.27518719060583,100.0,97.0,103.0,0.0027480924387169986,0.3255762745592489,32.3594360869989,2.354747151460882,2.942901722130114,BLT_JACOBIAN_UPDATE,1,1,1,2.3,234.60000000000042,0,1.6472,0.5161,3.8076,-0.3302,0.075
102,BLT,0.030217894986012937,-0.030217894986012937,-0.029883598183506745,0.00033429680250619126,100.46687918260811,100.0,97.0,103.0,0.004657926822026855,0.32398556153631114,32.40690283540367,2.3513151232393676,2.9376579811835675,BLT_JACOBIAN_UPDATE,1,1,1,2.3,236.90000000000043,0,1.6472,0.5161,3.8076,-0.3302,0.075
103,BLT,0.030072389365050703,-0.030072389365050703,-0.03062407616308177,-0.0005516867980310675,99.87626713744426,100.0,97.0,103.0,0.0012380947486504053,0.32477916451277955,32.583100647042365,2.359183947484846,2.9487655000080437,BLT_JACOBIAN_UPDATE,1,1,1,2.3,239.20000000000044,0,1.6472,0.5161,3.8076,-0.3302,0.075
104,BLT,0.02962045700867649,-0.02962045700867649,-0.029844865095245487,-0.00022440808656899736,99.3583199600232,100.0,97.0,103.0,0.006437476560778352,0.3250015045181582,32.579115138489136,2.3597459757751,2.947799159430885,BLT_JACOBIAN_UPDATE,1,1,1,2.3,241.50000000000045,0,1.6472,0.5161,3.8076,-0.3302,0.075
105,BLT,0.02886742130918927,-0.02886742130918927,-0.02908953273497542,-0.00022211142578614992,100.06112875646005,100.0,97.0,103.0,0.0006111008044627331,0.3241283445529045,32.3796927644175,2.3509157433043253,2.9376847392780654,BLT_JACOBIAN_UPDATE,1,1,1,2.3,243.80000000000047,0,1.6472,0.5161,3.8076,-0.3302,0.075
106,BLT,0.027821708670145714,-0.027821708670145714,-0.029547906249121,-0.0017261975789752866,98.27672887205678,100.0,97.0,103.0,0.017382922649135615,0.324371811746167,32.53238301982461,2.3563711398442537,2.9326332602104386,BLT_JACOBIAN_UPDATE,1,1,1,2.3,246.10000000000048,0,1.6472,0.5161,3.8076,-0.3302,0.075
107,BLT,0.026494760420127664,-0.026494760420127664,-0.0277518284337483,-0.001257068013620636,98.48218042185385,100.0,97.0,103.0,0.015294563598935135,0.32596217029904556,32.278104121448465,2.3534151630035094,2.9307126084076156,BLT_JACOBIAN_UPDATE,1,1,1,2.3,248.4000000000005,0,1.6472,0.5161,3.8076,-0.3302,0.075
108,BLT,0.024900913601914383,-0.024900913601914383,-0.02558704025639383,-0.0006861266544794485,99.0280999362789,100.0,97.0,103.0,0.00976653838762116,0.32436638364522324,32.46608682616911,2.3543144738990955,2.9383486303891777,BLT_JACOBIAN_UPDATE,1,1,1,2.3,250.7000000000005,0,1.6472,0.5161,3.8076,-0.3302,0.075
109,BLT,0.023057251881089365,-0.023057251881089365,-0.025148602812631045,-0.0020913509315416794,97.94779783626538,100.0,97.0,103.0,0.020735524379472126,0.32499395357365407,32.53777409832554,2.3584529931455274,2.9299066462819097,BLT_JACOBIAN_UPDATE,1,1,1,2.3,253.0000000000005,0,1.6472,0.5161,3.8076,-0.3302,0.075
110,BLT,0.020983428127236213,-0.020983428127236213,-0.022128014201778144,-0.0011445860745419312,98.51527186705137,100.0,97.0,103.0,0.014958605492632065,0.3254070859683331,32.37211763025451,2.3546191770742415,2.933328759516207,BLT_JACOBIAN_UPDATE,1,1,1,2.3,255.30000000000052,0,1.6472,0.5161,3.8076,-0.3302,0.075
111,BLT,0.018701460513746705,-0.018701460513746705,-0.020670570882475908,-0.001969110368729203,98.36818623383746,100.0,97.0,103.0,0.01645274483776696,0.3254553186276739,32.48147883745269,2.358139948249776,2.9362374735788626,BLT_JACOBIAN_UPDATE,1,1,1,2.3,257.60000000000053,0,1.6472,0.5161,3.8076,-0.3302,0.075
112,BLT,0.016235504255836076,-0.016235504255836076,-0.01763987526069903,-0.0014043710048629553,98.39459592929617,100.0,97.0,103.0,0.016184302855731924,0.32528414420706153,32.40572288484446,2.3552788506956444,2.9329445248380073,BLT_JACOBIAN_UPDATE,1,1,1,2.3,259.90000000000055,0,1.6472,0.5161,3.8076,-0.3302,0.075
113,BLT,0.01361160135780452,-0.01361160135780452,-0.015537862176382554,-0.0019262608185780343,97.92205603541292,100.0,97.0,103.0,0.020998370350833618,0.3258203420260187,32.39150732015639,2.3564871210851512,2.927047682564255,BLT_JACOBIAN_UPDATE,1,1,1,2.3,262.20000000000056,0,1.6472,0.5161,3.8076,-0.3302,0.075
114,BLT,0.010857410967289666,-0.010857410967289666,-0.012014082115886584,-0.0011566711485969175,98.7341288114189,100.0,97.0,103.0,0.012739516020871349,0.32345340344575585,32.32409114749189,2.347112593952463,2.9260162387762234,BLT_JACOBIAN_UPDATE,1,1,1,2.3,264.50000000000057,0,1.6472,0.5161,3.8076,-0.3302,0.075
115,BLT,0.008001923133887487,-0.008001923133887487,-0.01073176502127388,-0.002729841887386392,97.29560227317731,100.0,97.0,103.0,0.027416395421096484,0.3243617884350323,32.54579627096779,2.3567524583070014,2.9143524785676678,BLT_JACOBIAN_UPDATE,1,1,1,2.3,266.8000000000006,0,1.6472,0.5161,3.8076,-0.3302,0.075
116,BLT,0.005075158940007707,-0.005075158940007707,-0.006678878245018699,-0.0016037193050109921,98.60048095750258,100.0,97.0,103.0,0.014094046526260666,0.32494460554482724,32.38966034481507,2.353738691049821,2.9334069855236864,BLT_JACOBIAN_UPDATE,1,1,1,2.3,269.1000000000006,0,1.6472,0.5161,3.8076,-0.3302,0.075
117,BLT,0.002107860111431732,-0.002107860111431732,-0.004554735257625415,-0.002446875146193683,97.15765882544886,100.0,97.0,103.0,0.02883517821844798,0.32318538280478654,32.35648615316902,2.347285320346486,2.898632334828382,BLT_JACOBIAN_UPDATE,1,1,1,2.3,271.4000000000006,0,1.6472,0.5161,3.8076,-0.3302,0.075
118,BLT,-0.0008688286776885382,0.0008688286776885382,-0.000556061265856435,-0.0014248899435449732,98.50688176772097,100.0,97.0,103.0,0.015043774588398085,0.3254994217405454,32.52104560177997,2.3594928428771533,2.939860767661386,BLT_JACOBIAN_UPDATE,1,1,1,2.3,273.7000000000006,0,1.6472,0.5161,3.8076,-0.3302,0.075
119,BLT,-0.0038236815167942777,0.0038236815167942777,0.002425671469108541,-0.0013980100476857367,97.99201053175133,100.0,97.0,103.0,0.020284235827089006,0.324667910692642,32.68405859612696,2.361935022015687,2.935019161052991,BLT_JACOBIAN_UPDATE,1,1,1,2.3,276.0000000000006,0,1.6472,0.5161,3.8076,-0.3302,0.075
